Chromosome,Peak SNP,Position,Environment,Model,p.value,MAF,PVE
1,SLCU.2RBY.CHR1_135978056,135978056,Rawl 2023,BLINK,1.05E-05,0.495,46.8
3,SLCU.2RBY.CHR3_7654609,7654609,Rawl 2024,BLINK,1.15E-05,0.175,5.6
3,SLCU.2RBY.CHR3_8095373,8095373,Rawl 2025,BLINK,6.46E-06,0.188,3.9
5,SLCU.2RBY.CHR5_1094734,1094734,Overall,BLINK,2.19E-11,0.072,31.3
5,SLCU.2RBY.CHR5_1094734,1094734,Overall,CMLM,2.04E-05,0.072,42.3
5,SLCU.2RBY.CHR5_1094734,1094734,Overall,MLM,2.04E-05,0.072,42.3
5,SLCU.2RBY.CHR5_1094734,1094734,Rawl 2022,FarmCPU,5.50E-06,0.081,20.5
5,SLCU.2RBY.CHR5_7846664,7846664,Overall,CMLM,5.62E-06,0.093,12
5,SLCU.2RBY.CHR5_7846664,7846664,Overall,MLM,5.62E-06,0.093,12
5,SLCU.2RBY.CHR5_7846664,7846664,Overall,MLMM,1.10E-06,0.093,54.4
5,SLCU.2RBY.CHR5_170519723,170519723,Overall,BLINK,1.10E-06,0.054,29.6
5,SLCU.2RBY.CHR5_396774726,396774726,Overall,BLINK,1.51E-05,0.373,6.6
6,SLCU.2RBY.CHR6_362188275,362188275,Rawl 2023,BLINK,8.71E-08,0.142,13.1
