Env,Rep,Block,Plot,Genotype,DiseaseScore
Cherry23,1,1,1001,PI432185,5
Cherry23,1,1,1002,PI320936,4
Cherry23,1,1,1003,PI289079,4
Cherry23,1,1,1004,PI432201,4
Cherry23,1,1,1005,PI431613,4
Cherry23,1,2,1007,PI320952,4
Cherry23,1,2,1009,PI431679,4
Cherry23,1,2,1010,PI298645,4
Cherry23,1,2,1011,PI477921,4
Cherry23,1,3,1013,PI472400,4
Cherry23,1,3,1014,PI533688,4
Cherry23,1,3,1015,PI298357,4
Cherry23,1,3,1016,PI431710,4
Cherry23,1,3,1017,Maxim,4
Cherry23,1,3,1019,PI299351,4
Cherry23,1,3,1020,PI472484,5
Cherry23,1,3,1022,PI432271,3
Cherry23,1,3,1023,PI472416,5
Cherry23,1,3,1024,PI432085,4
Cherry23,1,2,1025,PI451763,4
Cherry23,1,2,1027,PI370481,4
Cherry23,1,2,1029,PI472488,4
Cherry23,1,1,1032,PI308614,4
Cherry23,1,1,1033,PI431643,5
Cherry23,1,1,1034,PI429369,5
Cherry23,1,1,1035,W627767,5
Cherry23,1,1,1036,W627766,5
Cherry23,1,1,1037,PI472615,5
Cherry23,1,1,1038,PI518732,5
Cherry23,1,1,1040,Maxim,4
Cherry23,1,1,1041,PI432286,4
Cherry23,1,1,1042,PI472629,5
Cherry23,1,2,1043,PI299285,5
Cherry23,1,2,1044,Maxim,4
Cherry23,1,2,1045,PI432033,4
Cherry23,1,2,1046,PI431631,5
Cherry23,1,2,1047,PI472274,5
Cherry23,1,2,1048,PI298023,4
Cherry23,1,3,1049,Maxim,5
Cherry23,1,3,1051,PI298644,4
Cherry23,1,3,1053,PI320944,4
Cherry23,1,3,1054,Maxim,4
Cherry23,1,3,1055,PI358602,4
Cherry23,1,3,1056,PI533690,4
Cherry23,1,3,1058,PI217949,4
Cherry23,1,3,1059,PI299177,3
Cherry23,1,3,1060,PI431884,5
Cherry23,1,2,1061,PI212100,5
Cherry23,1,2,1062,PI533693,4
Cherry23,1,2,1063,PI297285,4
Cherry23,1,2,1065,PI420925,5
Cherry23,1,1,1067,PI374120,5
Cherry23,1,1,1069,PI533691,5
Cherry23,1,1,1071,PI299237,5
Cherry23,1,1,1072,PI431731,5
Cherry23,1,1,1074,PI486127,5
Cherry23,1,1,1075,PI486128,5
Cherry23,1,1,1076,PI451766,5
Cherry23,1,1,1077,PI432184,5
Cherry23,1,2,1079,PI432245,5
Cherry23,1,2,1080,PI343026,5
Cherry23,1,2,1082,PI299163,5
Cherry23,1,2,1083,PI320954,4
Cherry23,1,2,1084,PI320945,5
Cherry23,1,3,1085,PI432145,4
Cherry23,1,3,1086,PI472205,5
Cherry23,1,3,1087,PI299164,4
Cherry23,1,3,1088,PI431717,4
Cherry23,1,3,1089,PI432087,4
Cherry23,1,3,1090,PI472458,5
Cherry23,1,3,1092,PI273664,5
Cherry23,1,3,1093,PI472175,5
Cherry23,1,3,1095,W627762,4
Cherry23,1,2,1097,W627756,5
Cherry23,1,2,1101,PI297754,4
Cherry23,1,2,1102,PI426784,5
Cherry23,1,1,1103,PI429838,5
Cherry23,1,1,1105,PI431863,5
Cherry23,1,1,1106,PI490289,5
Cherry23,1,1,1107,PI289070,5
Cherry23,1,1,1108,PI374121,5
Cherry23,1,4,1110,PI472122,5
Cherry23,1,4,1112,PI471917,5
Cherry23,1,4,1113,PI468900,5
Cherry23,1,4,1114,PI431824,5
Cherry23,1,5,1115,W627780,5
Cherry23,1,5,1116,PI472632,5
Cherry23,1,5,1117,PI169534,4
Cherry23,1,5,1119,PI432071,5
Cherry23,1,6,1123,PI181771,5
Cherry23,1,6,1124,PI468902,4
Cherry23,1,6,1125,W627765,5
Cherry23,1,6,1126,PI472383,5
Cherry23,1,6,1127,PI472561,5
Cherry23,1,6,1129,PI431810,5
Cherry23,1,6,1130,PI175754,5
Cherry23,1,6,1132,PI432147,5
Cherry23,1,5,1133,PI178971,5
Cherry23,1,5,1134,PI431622,4
Cherry23,1,5,1135,Maxim,4
Cherry23,1,5,1137,PI339283,5
Cherry23,1,5,1138,PI472137,5
Cherry23,1,4,1139,PI432001,5
Cherry23,1,4,1141,PI339310,5
Cherry23,1,4,1143,PI472569,5
Cherry23,1,4,1145,PI298923,5
Cherry23,1,4,1146,PI472327,5
Cherry23,1,4,1147,PI297787,5
Cherry23,1,4,1148,PI163589,5
Cherry23,1,4,1149,PI431809,5
Cherry23,1,4,1150,PI432212,4
Cherry23,1,5,1151,PI432236,5
Cherry23,1,5,1152,PI320941,5
Cherry23,1,5,1153,Maxim,5
Cherry23,1,5,1154,PI431923,5
Cherry23,1,5,1155,Maxim,5
Cherry23,1,5,1156,PI426778,5
Cherry23,1,6,1157,PI383682,5
Cherry23,1,6,1158,W627759,4
Cherry23,1,6,1159,W627782,5
Cherry23,1,6,1160,PI283604,4
Cherry23,1,6,1161,PI320953,4
Cherry23,1,6,1162,PI432106,5
Cherry23,1,6,1163,PI472161,5
Cherry23,1,6,1164,PI178940,4
Cherry23,1,6,1165,PI432124,4
Cherry23,1,6,1166,PI339289,5
Cherry23,1,6,1167,PI472224,5
Cherry23,1,5,1169,PI179324,5
Cherry23,1,5,1170,PI181886,5
Cherry23,1,5,1171,PI298631,5
Cherry23,1,5,1172,PI299120,5
Cherry23,1,5,1173,PI472143,5
Cherry23,1,4,1175,Maxim,5
Cherry23,1,4,1176,PI329157,5
Cherry23,1,4,1177,PI182217,5
Cherry23,1,4,1178,PI472588,5
Cherry23,1,4,1179,PI289077,5
Cherry23,1,4,1180,PI431987,5
Cherry23,1,4,1181,Maxim,5
Cherry23,1,4,1185,PI472549,5
Cherry23,1,4,1186,PI431756,5
Cherry23,1,5,1187,PI339285,5
Cherry23,1,5,1188,PI297767,5
Cherry23,1,5,1189,PI426202,5
Cherry23,1,5,1191,Maxim,5
Cherry23,1,6,1193,PI420924,5
Cherry23,1,6,1194,PI368647,4
Cherry23,1,6,1195,W627760,5
Cherry23,1,6,1196,Maxim,5
Cherry23,1,6,1197,PI211602,5
Cherry23,1,6,1198,PI472194,5
Cherry23,1,6,1199,PI431666,4
Cherry23,1,6,1200,PI472372,5
Cherry23,1,6,1201,PI178939,4
Cherry23,1,6,1202,Maxim,5
Cherry23,1,5,1206,PI432190,5
Cherry23,1,5,1207,Maxim,5
Cherry23,1,5,1209,PI431618,5
Cherry23,1,5,1210,PI345627,5
Cherry23,1,4,1211,W627754,5
Cherry23,1,4,1212,PI311107,5
Cherry23,1,4,1213,Maxim,5
Cherry23,1,4,1216,PI472562,5
Cherry23,1,7,1218,PI329167,5
Cherry23,1,7,1219,PI193548,5
Cherry23,1,7,1220,PI207492,4
Cherry23,1,8,1223,PI432188,5
Cherry23,1,8,1224,PI432237,5
Cherry23,1,8,1226,Maxim,5
Cherry23,1,8,1227,PI431656,5
Cherry23,1,8,1228,PI312175,5
Cherry23,1,9,1229,PI320935,5
Cherry23,1,9,1230,PI250156,5
Cherry23,1,9,1231,PI420929,5
Cherry23,1,9,1232,PI379368,4
Cherry23,1,9,1233,PI250158,5
Cherry23,1,9,1234,PI297287,4
Cherry23,1,9,1235,PI374116,4
Cherry23,1,9,1236,PI472200,5
Cherry23,1,9,1237,PI238758,5
Cherry23,1,9,1238,Maxim,5
Cherry23,1,9,1239,PI299354,4
Cherry23,1,9,1241,PI357225,4
Cherry23,1,8,1242,PI431633,4
Cherry23,1,8,1244,Maxim,5
Cherry23,1,8,1245,PI472559,5
Cherry23,1,8,1246,PI426803,5
Cherry23,1,7,1248,PI299215,5
Cherry23,1,7,1249,PI490288,4
Cherry23,1,7,1250,Maxim,5
Cherry23,1,7,1251,PI251032,5
Cherry23,1,7,1252,PI432005,5
Cherry23,1,7,1253,Maxim,5
Cherry23,1,7,1254,PI458503,5
Cherry23,1,7,1256,PI329169,5
Cherry23,1,8,1259,PI472136,5
Cherry23,1,8,1260,Maxim,5
Cherry23,1,8,1261,PI300250,5
Cherry23,1,8,1263,PI431640,5
Cherry23,1,8,1264,PI299366,4
Cherry23,1,9,1266,PI518734,4
Cherry23,1,9,1267,PI299371,4
Cherry23,1,9,1268,PI431642,5
Cherry23,1,9,1270,PI298922,5
Cherry23,1,9,1271,PI280686,5
Cherry23,1,9,1276,W627763,5
Cherry23,1,8,1277,PI435954,5
Cherry23,1,8,1278,PI193547,5
Cherry23,1,8,1279,PI431728,4
Cherry23,1,8,1281,PI518733,5
Cherry23,1,8,1282,PI299116,5
Cherry23,1,7,1283,Maxim,5
Cherry23,1,7,1288,PI431663,5
Cherry23,1,7,1290,PI320937,5
Cherry23,1,7,1292,PI368651,5
Cherry23,1,7,1293,PI508090,5
Cherry23,1,7,1294,PI431684,5
Cherry23,1,8,1295,PI472564,5
Cherry23,1,8,1296,PI431675,5
Cherry23,1,8,1297,W627781,5
Cherry23,1,8,1298,PI431630,5
Cherry23,1,8,1299,Maxim,5
Cherry23,1,9,1302,PI432028,4
Cherry23,1,9,1303,PI251784,4
Cherry23,1,9,1305,PI297284,4
Cherry23,1,9,1308,PI289073,5
Cherry23,1,9,1309,PI298122,5
Cherry23,1,9,1310,PI299207,5
Cherry23,1,9,1311,PI468899,5
Cherry23,1,9,1312,PI290716,5
Cherry23,1,8,1313,W627758,4
Cherry23,1,8,1315,PI251248,5
Cherry23,1,8,1317,Maxim,5
Cherry23,1,8,1318,PI432002,5
Cherry23,1,7,1319,PI431636,5
Cherry23,1,7,1321,PI297772,5
Cherry23,1,7,1322,Maxim,5
Cherry23,1,7,1323,Maxim,5
Cherry23,1,7,1324,PI431768,5
Cherry23,2,10,1327,PI250158,5
Cherry23,2,10,1330,PI368647,5
Cherry23,2,11,1332,PI299371,5
Cherry23,2,11,1333,PI320941,5
Cherry23,2,11,1334,PI297754,5
Cherry23,2,11,1336,PI533690,5
Cherry23,2,12,1337,Maxim,5
Cherry23,2,12,1338,PI432124,5
Cherry23,2,12,1340,PI299285,5
Cherry23,2,12,1341,PI472488,5
Cherry23,2,12,1343,PI250156,5
Cherry23,2,12,1344,PI472137,5
Cherry23,2,12,1345,PI211602,5
Cherry23,2,12,1348,PI432212,5
Cherry23,2,11,1349,PI299120,5
Cherry23,2,11,1351,PI299354,5
Cherry23,2,11,1352,PI320944,5
Cherry23,2,11,1354,PI432087,5
Cherry23,2,10,1355,PI181771,5
Cherry23,2,10,1356,Maxim,5
Cherry23,2,10,1357,PI299116,5
Cherry23,2,10,1358,PI298645,5
Cherry23,2,10,1359,W627756,5
Cherry23,2,10,1361,PI432085,5
Cherry23,2,10,1362,PI178971,5
Cherry23,2,10,1363,PI280686,5
Cherry23,2,10,1365,PI299177,5
Cherry23,2,10,1366,PI472327,5
Cherry23,2,11,1367,Maxim,5
Cherry23,2,11,1368,PI431684,5
Cherry23,2,11,1369,PI420929,5
Cherry23,2,11,1370,PI486127,5
Cherry23,2,11,1371,Maxim,5
Cherry23,2,11,1372,PI289073,5
Cherry23,2,12,1373,PI320952,4
Cherry23,2,12,1374,PI238758,5
Cherry23,2,12,1375,PI431618,5
Cherry23,2,12,1376,Maxim,5
Cherry23,2,12,1379,PI472561,5
Cherry23,2,12,1380,Maxim,5
Cherry23,2,12,1381,Maxim,5
Cherry23,2,12,1382,PI299366,5
Cherry23,2,12,1383,PI251032,5
Cherry23,2,11,1385,PI379368,5
Cherry23,2,11,1386,PI383682,5
Cherry23,2,11,1387,PI468899,5
Cherry23,2,11,1388,Maxim,5
Cherry23,2,11,1389,PI297284,5
Cherry23,2,10,1391,PI431613,5
Cherry23,2,10,1392,PI289077,5
Cherry23,2,10,1393,PI533693,4
Cherry23,2,10,1394,W627765,5
Cherry23,2,10,1396,PI472205,5
Cherry23,2,10,1397,PI339283,5
Cherry23,2,10,1398,Maxim,5
Cherry23,2,10,1401,PI320953,5
Cherry23,2,10,1402,PI178939,5
Cherry23,2,11,1407,PI432188,5
Cherry23,2,11,1408,PI426202,5
Cherry23,2,12,1409,PI179324,5
Cherry23,2,12,1411,PI374120,5
Cherry23,2,12,1412,PI451763,5
Cherry23,2,12,1413,W627758,5
Cherry23,2,12,1414,PI508090,5
Cherry23,2,12,1415,Maxim,5
Cherry23,2,12,1416,PI357225,5
Cherry23,2,12,1417,PI299164,5
Cherry23,2,12,1418,PI339310,5
Cherry23,2,12,1419,PI329169,5
Cherry23,2,12,1420,PI431923,5
Cherry23,2,11,1422,PI169534,5
Cherry23,2,11,1423,PI420924,5
Cherry23,2,11,1424,Maxim,5
Cherry23,2,11,1426,PI374121,5
Cherry23,2,10,1427,PI432271,5
Cherry23,2,10,1428,PI431679,5
Cherry23,2,10,1429,PI472224,5
Cherry23,2,10,1430,Maxim,5
Cherry23,2,10,1432,PI299237,5
Cherry23,2,13,1433,PI431663,5
Cherry23,2,13,1434,PI431710,5
Cherry23,2,13,1435,PI311107,5
Cherry23,2,13,1436,PI429838,5
Cherry23,2,13,1437,PI300250,5
Cherry23,2,13,1438,PI320954,5
Cherry23,2,14,1440,PI518732,5
Cherry23,2,14,1443,PI431987,5
Cherry23,2,14,1444,PI368651,5
Cherry23,2,15,1445,PI472122,5
Cherry23,2,15,1447,PI426778,5
Cherry23,2,15,1448,PI175754,5
Cherry23,2,15,1449,W627760,5
Cherry23,2,15,1450,PI431656,5
Cherry23,2,15,1451,PI298357,5
Cherry23,2,15,1452,PI320935,5
Cherry23,2,15,1454,PI426784,5
Cherry23,2,15,1456,PI431810,5
Cherry23,2,14,1457,Maxim,5
Cherry23,2,14,1459,PI431731,5
Cherry23,2,14,1460,W627767,5
Cherry23,2,14,1461,PI432005,5
Cherry23,2,14,1462,Maxim,5
Cherry23,2,13,1463,PI163589,5
Cherry23,2,13,1464,PI472632,5
Cherry23,2,13,1465,PI472458,5
Cherry23,2,13,1466,PI472372,5
Cherry23,2,13,1467,PI432002,5
Cherry23,2,13,1468,PI472588,5
Cherry23,2,13,1469,PI490288,5
Cherry23,2,13,1471,PI297772,5
Cherry23,2,13,1473,Maxim,5
Cherry23,2,13,1474,PI370481,5
Cherry23,2,14,1475,PI472143,5
Cherry23,2,14,1478,PI472136,5
Cherry23,2,14,1479,PI472400,5
Cherry23,2,14,1480,PI298644,5
Cherry23,2,15,1482,W627780,5
Cherry23,2,15,1483,PI299163,5
Cherry23,2,15,1484,Maxim,5
Cherry23,2,15,1485,PI358602,5
Cherry23,2,15,1486,PI490289,5
Cherry23,2,15,1487,PI297787,5
Cherry23,2,15,1488,Maxim,5
Cherry23,2,15,1489,W627766,5
Cherry23,2,15,1490,PI472559,5
Cherry23,2,15,1491,PI472194,5
Cherry23,2,15,1492,PI432145,5
Cherry23,2,14,1493,PI431622,5
Cherry23,2,14,1495,PI217949,5
Cherry23,2,14,1496,PI468902,5
Cherry23,2,14,1497,PI312175,5
Cherry23,2,14,1498,PI290716,5
Cherry23,2,13,1499,PI339289,5
Cherry23,2,13,1500,PI320937,5
Cherry23,2,13,1501,PI435954,5
Cherry23,2,13,1504,PI289070,5
Cherry23,2,13,1505,Maxim,5
Cherry23,2,13,1507,PI429369,5
Cherry23,2,13,1509,PI431756,5
Cherry23,2,13,1510,Maxim,5
Cherry23,2,14,1511,PI283604,5
Cherry23,2,14,1512,PI431630,5
Cherry23,2,14,1513,PI471917,5
Cherry23,2,14,1516,PI432237,5
Cherry23,2,15,1517,PI299207,5
Cherry23,2,15,1518,PI289079,5
Cherry23,2,15,1519,PI486128,5
Cherry23,2,15,1522,PI273664,5
Cherry23,2,15,1523,PI472629,5
Cherry23,2,15,1524,PI297285,5
Cherry23,2,14,1531,PI432106,5
Cherry23,2,14,1532,PI207492,5
Cherry23,2,14,1533,PI431636,5
Cherry23,2,13,1535,PI431675,5
Cherry23,2,13,1537,PI329157,5
Cherry23,2,13,1538,PI431728,5
Cherry23,2,13,1540,PI432184,5
Cherry23,2,16,1542,PI320936,5
Cherry23,2,16,1543,W627782,5
Cherry23,2,17,1547,PI339285,5
Cherry23,2,17,1548,PI472562,5
Cherry23,2,17,1550,PI374116,5
Cherry23,2,17,1551,PI431640,5
Cherry23,2,17,1552,PI432147,5
Cherry23,2,18,1554,PI472615,5
Cherry23,2,18,1555,Maxim,5
Cherry23,2,18,1557,PI193547,5
Cherry23,2,18,1559,PI193548,5
Cherry23,2,18,1560,PI299351,5
Cherry23,2,18,1561,PI431768,5
Cherry23,2,18,1562,PI345627,5
Cherry23,2,18,1563,PI431642,5
Cherry23,2,18,1564,PI343026,5
Cherry23,2,17,1565,PI432001,5
Cherry23,2,17,1566,W627762,5
Cherry23,2,17,1567,PI426803,5
Cherry23,2,17,1568,PI533691,5
Cherry23,2,17,1569,PI431824,5
Cherry23,2,17,1570,PI472564,5
Cherry23,2,16,1572,PI472549,5
Cherry23,2,16,1573,PI431809,5
Cherry23,2,16,1574,PI432185,5
Cherry23,2,16,1575,PI178940,5
Cherry23,2,16,1576,PI432033,5
Cherry23,2,16,1577,PI472200,5
Cherry23,2,16,1580,PI420925,5
Cherry23,2,16,1581,W627754,5
Cherry23,2,16,1582,PI298122,5
Cherry23,2,17,1584,PI533688,5
Cherry23,2,17,1585,W627759,5
Cherry23,2,17,1586,PI320945,5
Cherry23,2,17,1587,PI468900,5
Cherry23,2,17,1588,PI472274,5
Cherry23,2,18,1590,PI251784,5
Cherry23,2,18,1591,PI329167,5
Cherry23,2,18,1592,PI182217,5
Cherry23,2,18,1594,PI431643,5
Cherry23,2,18,1595,PI477921,5
Cherry23,2,18,1596,PI432190,5
Cherry23,2,18,1597,PI298923,5
Cherry23,2,18,1598,PI472484,5
Cherry23,2,18,1599,PI297287,5
Cherry23,2,18,1600,PI432071,5
Cherry23,2,17,1601,PI298023,5
Cherry23,2,17,1602,Maxim,5
Cherry23,2,17,1603,PI431717,5
Cherry23,2,17,1604,W627763,5
Cherry23,2,17,1605,PI432028,5
Cherry23,2,17,1606,PI518734,5
Cherry23,2,16,1607,PI431884,5
Cherry23,2,16,1609,PI297767,5
Cherry23,2,16,1611,PI298631,5
Cherry23,2,16,1612,Maxim,5
Cherry23,2,16,1615,PI432245,5
Cherry23,2,16,1616,PI432236,5
Cherry23,2,16,1617,PI518733,5
Cherry23,2,16,1618,PI181886,5
Cherry23,2,17,1619,Maxim,5
Cherry23,2,17,1621,PI308614,5
Cherry23,2,17,1622,PI298922,5
Cherry23,2,17,1623,PI299215,5
Cherry23,2,17,1624,Maxim,5
Cherry23,2,18,1625,W627781,5
Cherry23,2,18,1626,PI472569,5
Cherry23,2,18,1627,PI432286,5
Cherry23,2,18,1629,PI431863,5
Cherry23,2,18,1632,PI451766,5
Cherry23,2,18,1633,PI472161,5
Cherry23,2,18,1634,Maxim,5
Cherry23,2,18,1635,Maxim,5
Cherry23,2,18,1636,PI458503,5
Cherry23,2,17,1638,PI432201,5
Cherry23,2,17,1639,PI472383,5
Cherry23,2,17,1640,PI431633,5
Cherry23,2,17,1641,PI431631,5
Cherry23,2,17,1642,PI212100,5
Cherry23,2,16,1644,PI431666,4
Cherry23,2,16,1645,PI472416,5
Cherry23,2,16,1647,PI472175,5
Rawl22,1,1,1001,PI432147,2
Rawl22,1,1,1002,PI329169,2
Rawl22,1,2,1005,Maxim,2
Rawl22,1,2,1006,PI298923,2
Rawl22,1,2,1007,PI432106,2
Rawl22,1,3,1010,PI298645,1
Rawl22,1,3,1011,PI432201,1
Rawl22,1,3,1012,PI431756,2
Rawl22,1,4,1013,Maxim,1
Rawl22,1,4,1015,PI472143,2
Rawl22,1,4,1016,PI472488,2
Rawl22,1,4,1017,PI472559,1
Rawl22,1,4,1019,PI251032,1
Rawl22,1,4,1020,PI486127,1
Rawl22,1,3,1021,PI298357,2
Rawl22,1,3,1022,PI518732,1
Rawl22,1,2,1025,PI472383,2
Rawl22,1,2,1026,PI251784,2
Rawl22,1,2,1027,PI432190,2
Rawl22,1,1,1030,PI420924,2
Rawl22,1,1,1031,PI182217,2
Rawl22,1,1,1032,Maxim,2
Rawl22,1,1,1033,W627782,2
Rawl22,1,1,1034,PI432002,1
Rawl22,1,1,1035,W627780,1
Rawl22,1,2,1037,Maxim,2
Rawl22,1,2,1038,Maxim,2
Rawl22,1,2,1040,PI178971,3
Rawl22,1,3,1041,PI251248,3
Rawl22,1,3,1043,PI432145,1
Rawl22,1,4,1045,W627758,2
Rawl22,1,4,1046,PI339285,2
Rawl22,1,4,1047,PI472400,3
Rawl22,1,4,1048,PI178939,2
Rawl22,1,4,1049,PI207492,1
Rawl22,1,4,1050,PI431809,2
Rawl22,1,4,1051,PI163589,1
Rawl22,1,3,1053,PI299207,2
Rawl22,1,3,1054,PI432185,2
Rawl22,1,3,1055,PI297772,1
Rawl22,1,3,1056,PI299371,1
Rawl22,1,2,1057,PI298922,2
Rawl22,1,2,1059,PI472224,2
Rawl22,1,2,1060,PI181771,1
Rawl22,1,1,1061,PI490288,1
Rawl22,1,1,1062,PI432271,1
Rawl22,1,1,1063,PI431633,1
Rawl22,1,1,1065,PI426202,2
Rawl22,1,1,1066,PI432087,2
Rawl22,1,1,1067,PI431656,2
Rawl22,1,1,1068,PI429369,2
Rawl22,1,2,1069,Maxim,2
Rawl22,1,2,1070,PI290716,1
Rawl22,1,2,1071,PI298023,2
Rawl22,1,3,1073,PI289079,1
Rawl22,1,3,1074,PI374121,2
Rawl22,1,3,1075,PI289070,2
Rawl22,1,4,1077,PI477921,1
Rawl22,1,4,1079,PI468899,3
Rawl22,1,4,1080,PI374116,2
Rawl22,1,4,1081,PI432033,2
Rawl22,1,4,1082,W627781,2
Rawl22,1,4,1083,Maxim,1
Rawl22,1,3,1085,PI472136,2
Rawl22,1,3,1086,PI432028,2
Rawl22,1,3,1088,PI432236,1
Rawl22,1,2,1090,W627765,1
Rawl22,1,2,1091,PI358602,2
Rawl22,1,2,1092,PI320944,2
Rawl22,1,1,1094,PI431728,1
Rawl22,1,1,1095,Maxim,2
Rawl22,1,1,1096,PI299120,2
Rawl22,1,1,1097,PI472161,4
Rawl22,1,2,1101,PI320945,2
Rawl22,1,2,1102,PI431642,1
Rawl22,1,2,1103,Maxim,2
Rawl22,1,2,1104,PI420929,2
Rawl22,1,3,1106,PI370481,1
Rawl22,1,3,1107,PI212100,2
Rawl22,1,3,1108,PI432237,3
Rawl22,1,4,1109,Maxim,2
Rawl22,1,4,1110,PI472175,2
Rawl22,1,4,1111,PI431622,2
Rawl22,1,4,1113,PI339289,2
Rawl22,1,4,1114,Maxim,2
Rawl22,1,4,1115,Maxim,2
Rawl22,1,3,1117,PI426778,1
Rawl22,1,3,1118,PI472632,2
Rawl22,1,3,1119,Maxim,2
Rawl22,1,3,1120,PI420925,2
Rawl22,1,2,1121,W627760,1
Rawl22,1,2,1123,PI379368,2
Rawl22,1,2,1124,PI368647,1
Rawl22,1,1,1125,PI308614,2
Rawl22,1,1,1126,PI178940,1
Rawl22,1,1,1127,PI472274,3
Rawl22,1,1,1128,PI320936,2
Rawl22,1,1,1129,W627756,2
Rawl22,1,1,1130,PI320952,1
Rawl22,1,1,1131,PI431663,1
Rawl22,1,1,1132,PI468902,2
Rawl22,1,2,1135,PI533691,2
Rawl22,1,2,1136,PI486128,2
Rawl22,1,4,1141,PI432085,1
Rawl22,1,4,1142,PI472564,1
Rawl22,1,4,1145,PI518734,2
Rawl22,1,4,1146,PI289073,1
Rawl22,1,4,1148,PI432184,1
Rawl22,1,3,1150,PI431768,2
Rawl22,1,3,1151,Maxim,2
Rawl22,1,3,1152,PI193548,2
Rawl22,1,2,1153,Maxim,2
Rawl22,1,2,1154,W627763,2
Rawl22,1,2,1156,PI320937,2
Rawl22,1,1,1157,PI179324,2
Rawl22,1,1,1158,PI339310,2
Rawl22,1,1,1160,PI432245,1
Rawl22,1,5,1162,PI320953,1
Rawl22,1,5,1163,Maxim,1
Rawl22,1,6,1165,PI431810,2
Rawl22,1,6,1166,PI299351,2
Rawl22,1,6,1167,PI298644,2
Rawl22,1,7,1169,PI299237,1
Rawl22,1,7,1170,PI451763,2
Rawl22,1,7,1171,PI297284,2
Rawl22,1,7,1172,PI518733,1
Rawl22,1,8,1173,PI472327,1
Rawl22,1,8,1176,PI299116,3
Rawl22,1,8,1178,PI432005,2
Rawl22,1,8,1179,PI431710,1
Rawl22,1,8,1180,PI193547,1
Rawl22,1,7,1181,W627754,2
Rawl22,1,7,1183,PI357225,2
Rawl22,1,7,1184,PI472569,2
Rawl22,1,6,1186,PI472615,2
Rawl22,1,6,1188,PI472549,2
Rawl22,1,5,1189,PI299177,2
Rawl22,1,5,1190,PI298631,2
Rawl22,1,5,1191,PI311107,2
Rawl22,1,5,1192,PI431684,2
Rawl22,1,5,1193,PI169534,5
Rawl22,1,5,1194,PI472200,3
Rawl22,1,5,1196,PI329157,2
Rawl22,1,6,1197,PI431675,1
Rawl22,1,6,1198,PI451766,1
Rawl22,1,6,1199,PI345627,2
Rawl22,1,6,1200,PI431884,2
Rawl22,1,7,1201,PI431717,1
Rawl22,1,7,1202,PI298122,1
Rawl22,1,7,1203,PI432124,1
Rawl22,1,7,1204,PI468900,2
Rawl22,1,8,1205,PI244046,4
Rawl22,1,8,1206,PI320941,1
Rawl22,1,8,1207,PI211602,2
Rawl22,1,8,1209,PI299164,2
Rawl22,1,8,1210,PI471917,2
Rawl22,1,8,1211,W627766,1
Rawl22,1,8,1212,PI238758,2
Rawl22,1,7,1213,PI472122,1
Rawl22,1,7,1216,PI432071,1
Rawl22,1,6,1219,PI431630,2
Rawl22,1,6,1220,PI273664,1
Rawl22,1,5,1221,Maxim,2
Rawl22,1,5,1223,PI472458,3
Rawl22,1,5,1224,PI343026,2
Rawl22,1,5,1225,PI533688,2
Rawl22,1,5,1227,PI533690,1
Rawl22,1,6,1229,PI472562,2
Rawl22,1,6,1230,PI297754,1
Rawl22,1,6,1231,PI431987,2
Rawl22,1,6,1232,PI431824,1
Rawl22,1,7,1233,W627759,1
Rawl22,1,7,1234,PI250158,1
Rawl22,1,7,1235,PI490289,2
Rawl22,1,7,1236,PI280686,2
Rawl22,1,8,1237,PI432212,1
Rawl22,1,8,1240,PI431613,2
Rawl22,1,8,1241,PI299354,1
Rawl22,1,8,1242,PI297787,2
Rawl22,1,8,1244,PI431618,2
Rawl22,1,7,1245,PI289077,3
Rawl22,1,7,1246,PI175754,2
Rawl22,1,7,1247,PI297767,2
Rawl22,1,6,1249,PI508090,2
Rawl22,1,6,1250,PI368651,1
Rawl22,1,6,1251,Maxim,2
Rawl22,1,6,1252,PI472137,1
Rawl22,1,5,1253,PI300250,2
Rawl22,1,5,1254,PI432188,2
Rawl22,1,5,1255,PI431631,2
Rawl22,1,5,1256,PI472484,2
Rawl22,1,5,1257,W627767,2
Rawl22,1,5,1258,PI431636,1
Rawl22,1,5,1259,PI383682,2
Rawl22,1,5,1260,PI431863,1
Rawl22,1,6,1261,PI299285,2
Rawl22,1,6,1262,PI339292,2
Rawl22,1,6,1263,PI431731,1
Rawl22,1,6,1264,PI429838,2
Rawl22,1,7,1265,PI431643,2
Rawl22,1,7,1266,PI339283,2
Rawl22,1,7,1267,PI472629,1
Rawl22,1,7,1268,PI431640,1
Rawl22,1,8,1269,PI435954,2
Rawl22,1,8,1270,Maxim,2
Rawl22,1,8,1273,PI297285,1
Rawl22,1,8,1274,PI472372,1
Rawl22,1,8,1275,PI533693,1
Rawl22,1,7,1277,Maxim,2
Rawl22,1,7,1279,PI472205,2
Rawl22,1,6,1281,Maxim,2
Rawl22,1,6,1282,PI432001,2
Rawl22,1,5,1285,PI297287,2
Rawl22,1,5,1286,PI426784,1
Rawl22,1,5,1287,PI426803,1
Rawl22,1,5,1288,PI283604,1
Rawl22,1,5,1291,PI329167,1
Rawl22,1,5,1292,PI432286,2
Rawl22,1,6,1294,PI472588,2
Rawl22,1,6,1295,PI299163,2
Rawl22,1,6,1296,PI431679,2
Rawl22,1,7,1297,PI320935,2
Rawl22,1,7,1299,PI472561,1
Rawl22,1,8,1301,PI374120,1
Rawl22,1,8,1302,PI250156,2
Rawl22,1,8,1303,PI299366,3
Rawl22,1,8,1306,PI181886,3
Rawl22,1,8,1308,PI299215,1
Rawl22,1,7,1309,Maxim,1
Rawl22,1,7,1310,PI458503,1
Rawl22,1,7,1311,PI312175,2
Rawl22,1,7,1312,PI217949,2
Rawl22,1,6,1314,PI431923,2
Rawl22,1,6,1315,PI472194,4
Rawl22,1,6,1316,PI472416,1
Rawl22,1,5,1318,PI431666,2
Rawl22,1,5,1319,PI320954,1
Rawl22,1,5,1320,W627762,2
Rawl22,2,9,2001,PI426803,1
Rawl22,2,9,2002,PI533690,1
Rawl22,2,10,2005,PI432005,1
Rawl22,2,10,2006,PI472632,2
Rawl22,2,10,2007,PI432087,2
Rawl22,2,10,2008,PI431642,2
Rawl22,2,11,2010,PI431631,2
Rawl22,2,11,2011,PI432201,1
Rawl22,2,11,2012,PI374120,1
Rawl22,2,12,2013,PI238758,1
Rawl22,2,12,2014,PI432236,1
Rawl22,2,12,2017,Maxim,1
Rawl22,2,12,2018,W627762,2
Rawl22,2,12,2019,PI472615,2
Rawl22,2,12,2020,PI420929,1
Rawl22,2,11,2021,PI472274,1
Rawl22,2,11,2022,PI374121,1
Rawl22,2,11,2023,W627780,1
Rawl22,2,10,2026,PI432188,2
Rawl22,2,10,2028,Maxim,1
Rawl22,2,9,2029,PI299116,1
Rawl22,2,9,2031,PI297754,1
Rawl22,2,9,2033,PI431640,1
Rawl22,2,9,2034,PI175754,2
Rawl22,2,10,2037,PI432184,1
Rawl22,2,10,2038,PI432085,1
Rawl22,2,10,2039,PI432271,2
Rawl22,2,10,2040,PI280686,3
Rawl22,2,11,2043,PI312175,2
Rawl22,2,11,2044,PI472549,1
Rawl22,2,12,2046,PI320936,1
Rawl22,2,12,2047,PI298122,1
Rawl22,2,12,2048,PI472383,2
Rawl22,2,12,2049,W627760,1
Rawl22,2,12,2050,Maxim,2
Rawl22,2,12,2052,PI431756,2
Rawl22,2,11,2054,PI181886,2
Rawl22,2,11,2056,PI477921,1
Rawl22,2,10,2057,PI299207,2
Rawl22,2,10,2058,W627754,1
Rawl22,2,10,2059,PI370481,1
Rawl22,2,10,2060,PI299120,1
Rawl22,2,9,2061,PI431987,1
Rawl22,2,9,2062,PI472629,2
Rawl22,2,9,2063,PI320935,1
Rawl22,2,9,2065,PI299215,2
Rawl22,2,9,2066,PI368647,1
Rawl22,2,9,2067,PI472122,4
Rawl22,2,9,2068,PI299354,2
Rawl22,2,10,2069,PI299163,1
Rawl22,2,10,2070,PI472327,1
Rawl22,2,10,2071,PI431717,2
Rawl22,2,10,2072,PI431863,2
Rawl22,2,11,2074,PI486127,1
Rawl22,2,11,2075,PI251248,2
Rawl22,2,11,2076,PI311107,1
Rawl22,2,12,2077,PI431824,1
Rawl22,2,12,2078,PI426784,1
Rawl22,2,12,2079,PI212100,1
Rawl22,2,12,2081,PI431768,2
Rawl22,2,12,2083,PI472194,2
Rawl22,2,12,2084,PI426202,1
Rawl22,2,11,2085,Maxim,1
Rawl22,2,11,2087,Maxim,1
Rawl22,2,10,2089,PI432185,2
Rawl22,2,10,2091,PI472136,2
Rawl22,2,10,2092,PI431810,2
Rawl22,2,9,2095,PI169534,1
Rawl22,2,9,2096,Maxim,3
Rawl22,2,9,2097,PI472569,1
Rawl22,2,9,2098,Maxim,1
Rawl22,2,9,2099,W627767,2
Rawl22,2,9,2100,PI297284,1
Rawl22,2,11,2106,PI468899,1
Rawl22,2,11,2107,PI472224,2
Rawl22,2,11,2108,PI458503,2
Rawl22,2,12,2109,PI182217,2
Rawl22,2,12,2110,PI297767,2
Rawl22,2,12,2111,PI490289,2
Rawl22,2,12,2112,PI244046,3
Rawl22,2,12,2113,PI431884,1
Rawl22,2,12,2115,W627766,1
Rawl22,2,12,2116,PI472372,2
Rawl22,2,11,2117,PI429369,2
Rawl22,2,11,2118,PI472564,2
Rawl22,2,11,2119,PI320953,1
Rawl22,2,10,2121,PI299366,1
Rawl22,2,10,2122,W627765,1
Rawl22,2,10,2123,PI432145,1
Rawl22,2,10,2124,Maxim,1
Rawl22,2,9,2125,PI431731,1
Rawl22,2,9,2126,PI472143,1
Rawl22,2,9,2127,PI299371,2
Rawl22,2,9,2128,PI193547,1
Rawl22,2,9,2129,PI345627,1
Rawl22,2,9,2130,PI289077,3
Rawl22,2,10,2134,PI490288,1
Rawl22,2,10,2136,PI320945,1
Rawl22,2,11,2137,W627782,1
Rawl22,2,11,2140,PI178940,1
Rawl22,2,12,2142,PI273664,2
Rawl22,2,12,2143,PI320944,1
Rawl22,2,12,2144,PI299177,1
Rawl22,2,12,2145,Maxim,1
Rawl22,2,12,2146,PI178971,2
Rawl22,2,12,2147,PI432106,1
Rawl22,2,12,2148,W627781,2
Rawl22,2,11,2149,Maxim,2
Rawl22,2,11,2150,PI217949,1
Rawl22,2,11,2151,PI472200,3
Rawl22,2,11,2152,PI383682,1
Rawl22,2,10,2153,PI320952,1
Rawl22,2,10,2154,PI181771,3
Rawl22,2,10,2155,PI298631,2
Rawl22,2,10,2156,PI432286,2
Rawl22,2,9,2157,PI431622,2
Rawl22,2,9,2158,PI518734,1
Rawl22,2,9,2160,PI472458,4
Rawl22,2,13,2161,PI329169,3
Rawl22,2,13,2163,W627758,2
Rawl22,2,14,2165,PI297787,1
Rawl22,2,14,2166,PI163589,1
Rawl22,2,14,2167,PI179324,3
Rawl22,2,14,2168,PI432212,1
Rawl22,2,15,2169,PI298357,2
Rawl22,2,15,2171,PI431656,1
Rawl22,2,15,2172,PI432033,2
Rawl22,2,16,2173,PI298644,2
Rawl22,2,16,2174,Maxim,2
Rawl22,2,16,2175,PI472175,3
Rawl22,2,16,2176,PI320941,1
Rawl22,2,16,2178,PI472559,1
Rawl22,2,16,2179,PI339310,2
Rawl22,2,16,2180,PI426778,2
Rawl22,2,15,2181,PI468900,1
Rawl22,2,15,2182,PI472562,4
Rawl22,2,15,2183,PI471917,2
Rawl22,2,14,2185,PI329167,2
Rawl22,2,14,2186,PI472205,3
Rawl22,2,14,2187,PI289079,2
Rawl22,2,14,2188,Maxim,2
Rawl22,2,13,2189,Maxim,2
Rawl22,2,13,2191,Maxim,2
Rawl22,2,13,2192,PI432147,2
Rawl22,2,13,2193,W627759,2
Rawl22,2,13,2194,Maxim,2
Rawl22,2,13,2195,W627763,1
Rawl22,2,13,2196,PI339283,2
Rawl22,2,14,2197,PI357225,2
Rawl22,2,14,2198,PI468902,1
Rawl22,2,14,2200,PI320954,1
Rawl22,2,15,2202,PI472588,2
Rawl22,2,15,2203,PI368651,2
Rawl22,2,15,2204,PI298023,3
Rawl22,2,16,2205,PI432001,2
Rawl22,2,16,2207,PI451763,2
Rawl22,2,16,2208,Maxim,2
Rawl22,2,16,2209,PI250158,1
Rawl22,2,16,2210,PI343026,1
Rawl22,2,16,2212,PI472488,2
Rawl22,2,15,2213,PI379368,1
Rawl22,2,15,2214,Maxim,2
Rawl22,2,15,2216,PI298922,1
Rawl22,2,14,2217,PI431643,2
Rawl22,2,14,2219,PI508090,1
Rawl22,2,14,2220,PI289070,2
Rawl22,2,13,2222,Maxim,1
Rawl22,2,13,2223,PI431679,2
Rawl22,2,13,2224,PI432124,1
Rawl22,2,13,2225,PI472416,3
Rawl22,2,13,2226,PI211602,1
Rawl22,2,13,2227,PI533693,2
Rawl22,2,13,2228,PI431636,1
Rawl22,2,14,2229,PI432071,1
Rawl22,2,14,2230,PI472400,4
Rawl22,2,14,2232,PI251032,1
Rawl22,2,16,2237,PI432245,1
Rawl22,2,16,2238,PI300250,1
Rawl22,2,16,2239,Maxim,2
Rawl22,2,16,2240,Maxim,2
Rawl22,2,16,2241,PI429838,2
Rawl22,2,16,2242,PI451766,1
Rawl22,2,16,2243,PI297772,1
Rawl22,2,16,2244,PI518733,2
Rawl22,2,15,2245,PI472484,3
Rawl22,2,15,2246,PI251784,1
Rawl22,2,15,2247,PI250156,2
Rawl22,2,14,2249,PI358602,1
Rawl22,2,14,2250,PI339285,2
Rawl22,2,14,2251,PI432237,2
Rawl22,2,13,2254,PI299164,2
Rawl22,2,13,2256,Maxim,2
Rawl22,2,13,2257,PI486128,1
Rawl22,2,13,2260,PI533688,2
Rawl22,2,14,2261,PI329157,2
Rawl22,2,14,2262,PI518732,2
Rawl22,2,14,2263,PI298645,2
Rawl22,2,15,2266,PI431666,1
Rawl22,2,15,2267,Maxim,2
Rawl22,2,15,2268,PI297287,1
Rawl22,2,16,2270,PI207492,1
Rawl22,2,16,2271,PI178939,2
Rawl22,2,16,2272,PI432028,2
Rawl22,2,16,2273,PI298923,2
Rawl22,2,16,2274,PI431809,2
Rawl22,2,16,2275,PI472161,2
Rawl22,2,15,2278,PI297285,1
Rawl22,2,15,2279,PI193548,2
Rawl22,2,14,2281,PI472561,2
Rawl22,2,14,2282,PI420924,2
Rawl22,2,14,2283,PI374116,1
Rawl22,2,14,2284,PI299285,2
Rawl22,2,13,2285,PI431675,1
Rawl22,2,13,2286,PI420925,2
Rawl22,2,13,2287,PI533691,1
Rawl22,2,13,2288,PI431613,1
Rawl22,2,13,2291,PI299237,2
Rawl22,2,14,2293,PI431630,2
Rawl22,2,14,2294,PI472137,2
Rawl22,2,14,2295,PI435954,1
Rawl22,2,15,2297,PI431728,1
Rawl22,2,15,2299,PI339289,2
Rawl22,2,15,2300,W627756,1
Rawl22,2,16,2301,PI431710,2
Rawl22,2,16,2302,PI283604,1
Rawl22,2,16,2303,PI432002,3
Rawl22,2,16,2304,PI320937,2
Rawl22,2,16,2305,PI431633,1
Rawl22,2,16,2307,PI339292,2
Rawl22,2,15,2309,PI289073,1
Rawl22,2,15,2310,PI432190,2
Rawl22,2,15,2311,PI431923,1
Rawl22,2,15,2312,PI308614,1
Rawl22,2,14,2313,PI299351,2
Rawl22,2,14,2314,PI431618,1
Rawl22,2,13,2317,PI431684,2
Rawl22,2,13,2318,PI290716,2
Rawl22,2,13,2319,PI431663,2
Rawl23,1,1,1001,PI432185,2
Rawl23,1,1,1002,PI320936,2
Rawl23,1,1,1003,PI289079,2
Rawl23,1,1,1004,PI432201,2
Rawl23,1,1,1005,PI431613,4
Rawl23,1,2,1007,PI320952,3
Rawl23,1,2,1009,PI431679,2
Rawl23,1,2,1010,PI298645,4
Rawl23,1,NA,1011,PI477921,NA
Rawl23,1,2,1013,PI472400,3
Rawl23,1,NA,1014,PI533688,NA
Rawl23,1,NA,1015,PI298357,NA
Rawl23,1,NA,1016,PI431710,NA
Rawl23,1,NA,1017,Maxim,NA
Rawl23,1,NA,1019,PI299351,NA
Rawl23,1,NA,1020,PI472484,NA
Rawl23,1,NA,1022,PI432271,NA
Rawl23,1,NA,1023,PI472416,NA
Rawl23,1,2,1024,PI432085,3
Rawl23,1,NA,1025,PI451763,NA
Rawl23,1,2,1027,PI370481,3
Rawl23,1,2,1029,PI472488,3
Rawl23,1,1,1032,PI308614,3
Rawl23,1,1,1033,PI431643,2
Rawl23,1,1,1034,PI429369,5
Rawl23,1,1,1035,W627767,4
Rawl23,1,1,1036,W627766,4
Rawl23,1,1,1037,PI472615,3
Rawl23,1,1,1038,PI518732,3
Rawl23,1,1,1040,Maxim,2
Rawl23,1,1,1041,PI432286,3
Rawl23,1,1,1042,PI472629,3
Rawl23,1,2,1043,PI299285,5
Rawl23,1,2,1044,Maxim,3
Rawl23,1,2,1045,PI432033,2
Rawl23,1,2,1046,PI431631,4
Rawl23,1,NA,1047,PI472274,NA
Rawl23,1,NA,1048,PI298023,NA
Rawl23,1,2,1049,Maxim,3
Rawl23,1,NA,1051,PI298644,NA
Rawl23,1,NA,1053,PI320944,NA
Rawl23,1,NA,1054,Maxim,NA
Rawl23,1,NA,1055,PI358602,NA
Rawl23,1,NA,1056,PI533690,NA
Rawl23,1,NA,1058,PI217949,NA
Rawl23,1,NA,1059,PI299177,NA
Rawl23,1,2,1060,PI431884,3
Rawl23,1,NA,1061,PI212100,NA
Rawl23,1,NA,1062,PI533693,NA
Rawl23,1,2,1063,PI297285,2
Rawl23,1,2,1065,PI420925,3
Rawl23,1,1,1067,PI374120,5
Rawl23,1,1,1069,PI533691,2
Rawl23,1,1,1071,PI299237,3
Rawl23,1,1,1072,PI431731,2
Rawl23,1,1,1074,PI486127,2
Rawl23,1,1,1075,PI486128,2
Rawl23,1,1,1076,PI451766,5
Rawl23,1,1,1077,PI432184,4
Rawl23,1,2,1079,PI432245,3
Rawl23,1,2,1080,PI343026,3
Rawl23,1,2,1082,PI299163,3
Rawl23,1,NA,1083,PI320954,NA
Rawl23,1,NA,1084,PI320945,NA
Rawl23,1,2,1085,PI432145,2
Rawl23,1,NA,1086,PI472205,NA
Rawl23,1,NA,1087,PI299164,NA
Rawl23,1,NA,1088,PI431717,NA
Rawl23,1,NA,1089,PI432087,NA
Rawl23,1,NA,1090,PI472458,NA
Rawl23,1,NA,1092,PI273664,NA
Rawl23,1,NA,1093,PI472175,NA
Rawl23,1,NA,1095,W627762,NA
Rawl23,1,NA,1097,W627756,NA
Rawl23,1,2,1101,PI297754,2
Rawl23,1,2,1102,PI426784,2
Rawl23,1,1,1103,PI429838,3
Rawl23,1,1,1105,PI431863,3
Rawl23,1,1,1106,PI490289,4
Rawl23,1,1,1107,PI289070,3
Rawl23,1,1,1108,PI374121,5
Rawl23,1,3,1110,PI472122,4
Rawl23,1,3,1112,PI471917,4
Rawl23,1,3,1113,PI468900,4
Rawl23,1,3,1114,PI431824,4
Rawl23,1,4,1115,W627780,4
Rawl23,1,4,1116,PI472632,4
Rawl23,1,4,1117,PI169534,3
Rawl23,1,4,1119,PI432071,4
Rawl23,1,NA,1123,PI181771,NA
Rawl23,1,NA,1124,PI468902,NA
Rawl23,1,NA,1125,W627765,NA
Rawl23,1,NA,1126,PI472383,NA
Rawl23,1,NA,1127,PI472561,NA
Rawl23,1,NA,1129,PI431810,NA
Rawl23,1,NA,1130,PI175754,NA
Rawl23,1,4,1132,PI432147,3
Rawl23,1,NA,1133,PI178971,NA
Rawl23,1,4,1134,PI431622,3
Rawl23,1,4,1135,Maxim,2
Rawl23,1,4,1137,PI339283,2
Rawl23,1,4,1138,PI472137,2
Rawl23,1,3,1139,PI432001,2
Rawl23,1,3,1141,PI339310,4
Rawl23,1,3,1143,PI472569,2
Rawl23,1,3,1145,PI298923,4
Rawl23,1,3,1146,PI472327,2
Rawl23,1,3,1147,PI297787,2
Rawl23,1,3,1148,PI163589,4
Rawl23,1,3,1149,PI431809,3
Rawl23,1,3,1150,PI432212,2
Rawl23,1,4,1151,PI432236,3
Rawl23,1,4,1152,PI320941,3
Rawl23,1,4,1153,Maxim,3
Rawl23,1,4,1154,PI431923,2
Rawl23,1,4,1155,Maxim,3
Rawl23,1,NA,1156,PI426778,NA
Rawl23,1,4,1157,PI383682,4
Rawl23,1,NA,1158,W627759,NA
Rawl23,1,NA,1159,W627782,NA
Rawl23,1,NA,1160,PI283604,NA
Rawl23,1,NA,1161,PI320953,NA
Rawl23,1,NA,1162,PI432106,NA
Rawl23,1,NA,1163,PI472161,NA
Rawl23,1,NA,1164,PI178940,NA
Rawl23,1,NA,1165,PI432124,NA
Rawl23,1,NA,1166,PI339289,NA
Rawl23,1,NA,1167,PI472224,NA
Rawl23,1,NA,1169,PI179324,NA
Rawl23,1,4,1170,PI181886,5
Rawl23,1,4,1171,PI298631,4
Rawl23,1,4,1172,PI299120,3
Rawl23,1,4,1173,PI472143,2
Rawl23,1,3,1175,Maxim,2
Rawl23,1,3,1176,PI329157,3
Rawl23,1,3,1177,PI182217,5
Rawl23,1,3,1178,PI472588,4
Rawl23,1,3,1179,PI289077,5
Rawl23,1,3,1180,PI431987,4
Rawl23,1,3,1181,Maxim,3
Rawl23,1,3,1185,PI472549,3
Rawl23,1,3,1186,PI431756,3
Rawl23,1,NA,1187,PI339285,NA
Rawl23,1,4,1188,PI297767,4
Rawl23,1,4,1189,PI426202,2
Rawl23,1,4,1191,Maxim,3
Rawl23,1,4,1193,PI420924,4
Rawl23,1,NA,1194,PI368647,NA
Rawl23,1,NA,1195,W627760,NA
Rawl23,1,NA,1196,Maxim,NA
Rawl23,1,NA,1197,PI211602,NA
Rawl23,1,NA,1198,PI472194,NA
Rawl23,1,NA,1199,PI431666,NA
Rawl23,1,NA,1200,PI472372,NA
Rawl23,1,NA,1201,PI178939,NA
Rawl23,1,NA,1202,Maxim,NA
Rawl23,1,4,1206,PI432190,4
Rawl23,1,4,1207,Maxim,2
Rawl23,1,4,1209,PI431618,3
Rawl23,1,NA,1210,PI345627,NA
Rawl23,1,3,1211,W627754,3
Rawl23,1,3,1212,PI311107,4
Rawl23,1,3,1213,Maxim,2
Rawl23,1,3,1216,PI472562,4
Rawl23,1,5,1218,PI329167,3
Rawl23,1,5,1219,PI193548,3
Rawl23,1,5,1220,PI207492,2
Rawl23,1,NA,1223,PI432188,NA
Rawl23,1,6,1224,PI432237,3
Rawl23,1,6,1226,Maxim,3
Rawl23,1,6,1227,PI431656,4
Rawl23,1,6,1228,PI312175,2
Rawl23,1,6,1229,PI320935,2
Rawl23,1,NA,1230,PI250156,NA
Rawl23,1,NA,1231,PI420929,NA
Rawl23,1,NA,1232,PI379368,NA
Rawl23,1,NA,1233,PI250158,NA
Rawl23,1,NA,1234,PI297287,NA
Rawl23,1,NA,1235,PI374116,NA
Rawl23,1,NA,1236,PI472200,NA
Rawl23,1,NA,1237,PI238758,NA
Rawl23,1,NA,1238,Maxim,NA
Rawl23,1,NA,1239,PI299354,NA
Rawl23,1,6,1241,PI357225,4
Rawl23,1,6,1242,PI431633,3
Rawl23,1,6,1244,Maxim,2
Rawl23,1,6,1245,PI472559,2
Rawl23,1,NA,1246,PI426803,NA
Rawl23,1,5,1248,PI299215,2
Rawl23,1,5,1249,PI490288,2
Rawl23,1,5,1250,Maxim,3
Rawl23,1,5,1251,PI251032,3
Rawl23,1,5,1252,PI432005,2
Rawl23,1,5,1253,Maxim,3
Rawl23,1,5,1254,PI458503,3
Rawl23,1,5,1256,PI329169,4
Rawl23,1,NA,1259,PI472136,NA
Rawl23,1,6,1260,Maxim,NA
Rawl23,1,6,1261,PI300250,4
Rawl23,1,6,1263,PI431640,3
Rawl23,1,6,1264,PI299366,4
Rawl23,1,NA,1266,PI518734,NA
Rawl23,1,NA,1267,PI299371,NA
Rawl23,1,NA,1268,PI431642,NA
Rawl23,1,NA,1270,PI298922,NA
Rawl23,1,NA,1271,PI280686,NA
Rawl23,1,6,1276,W627763,4
Rawl23,1,6,1277,PI435954,3
Rawl23,1,6,1278,PI193547,2
Rawl23,1,6,1279,PI431728,2
Rawl23,1,6,1281,PI518733,2
Rawl23,1,NA,1282,PI299116,NA
Rawl23,1,5,1283,Maxim,3
Rawl23,1,5,1288,PI431663,3
Rawl23,1,5,1290,PI320937,2
Rawl23,1,5,1292,PI368651,3
Rawl23,1,5,1293,PI508090,3
Rawl23,1,5,1294,PI431684,2
Rawl23,1,NA,1295,PI472564,NA
Rawl23,1,6,1296,PI431675,3
Rawl23,1,6,1297,W627781,3
Rawl23,1,6,1298,PI431630,2
Rawl23,1,6,1299,Maxim,2
Rawl23,1,NA,1302,PI432028,NA
Rawl23,1,NA,1303,PI251784,NA
Rawl23,1,NA,1305,PI297284,NA
Rawl23,1,NA,1308,PI289073,NA
Rawl23,1,NA,1309,PI298122,NA
Rawl23,1,NA,1310,PI299207,NA
Rawl23,1,NA,1311,PI468899,NA
Rawl23,1,6,1312,PI290716,2
Rawl23,1,6,1313,W627758,2
Rawl23,1,6,1315,PI251248,3
Rawl23,1,6,1317,Maxim,3
Rawl23,1,NA,1318,PI432002,NA
Rawl23,1,5,1319,PI431636,3
Rawl23,1,5,1321,PI297772,2
Rawl23,1,5,1322,Maxim,3
Rawl23,1,5,1323,Maxim,3
Rawl23,1,5,1324,PI431768,3
Rawl23,2,7,1327,PI250158,4
Rawl23,2,7,1330,PI368647,2
Rawl23,2,8,1332,PI299371,3
Rawl23,2,8,1333,PI320941,2
Rawl23,2,8,1334,PI297754,2
Rawl23,2,8,1336,PI533690,3
Rawl23,2,8,1337,Maxim,2
Rawl23,2,NA,1338,PI432124,NA
Rawl23,2,NA,1340,PI299285,NA
Rawl23,2,NA,1341,PI472488,NA
Rawl23,2,NA,1343,PI250156,NA
Rawl23,2,NA,1344,PI472137,NA
Rawl23,2,NA,1345,PI211602,NA
Rawl23,2,8,1348,PI432212,2
Rawl23,2,8,1349,PI299120,2
Rawl23,2,8,1351,PI299354,3
Rawl23,2,8,1352,PI320944,4
Rawl23,2,NA,1354,PI432087,NA
Rawl23,2,7,1355,PI181771,1
Rawl23,2,7,1356,Maxim,2
Rawl23,2,7,1357,PI299116,3
Rawl23,2,7,1358,PI298645,3
Rawl23,2,7,1359,W627756,4
Rawl23,2,7,1361,PI432085,3
Rawl23,2,7,1362,PI178971,2
Rawl23,2,7,1363,PI280686,5
Rawl23,2,7,1365,PI299177,3
Rawl23,2,7,1366,PI472327,4
Rawl23,2,NA,1367,Maxim,NA
Rawl23,2,8,1368,PI431684,3
Rawl23,2,8,1369,PI420929,4
Rawl23,2,8,1370,PI486127,3
Rawl23,2,8,1371,Maxim,2
Rawl23,2,8,1372,PI289073,2
Rawl23,2,8,1373,PI320952,2
Rawl23,2,NA,1374,PI238758,NA
Rawl23,2,NA,1375,PI431618,NA
Rawl23,2,NA,1376,Maxim,NA
Rawl23,2,NA,1379,PI472561,NA
Rawl23,2,NA,1380,Maxim,NA
Rawl23,2,NA,1381,Maxim,NA
Rawl23,2,NA,1382,PI299366,NA
Rawl23,2,NA,1383,PI251032,NA
Rawl23,2,8,1385,PI379368,3
Rawl23,2,8,1386,PI383682,3
Rawl23,2,8,1387,PI468899,3
Rawl23,2,8,1388,Maxim,2
Rawl23,2,8,1389,PI297284,3
Rawl23,2,7,1391,PI431613,3
Rawl23,2,7,1392,PI289077,4
Rawl23,2,7,1393,PI533693,2
Rawl23,2,7,1394,W627765,4
Rawl23,2,7,1396,PI472205,4
Rawl23,2,7,1397,PI339283,4
Rawl23,2,7,1398,Maxim,3
Rawl23,2,7,1401,PI320953,3
Rawl23,2,7,1402,PI178939,3
Rawl23,2,8,1407,PI432188,3
Rawl23,2,8,1408,PI426202,4
Rawl23,2,8,1409,PI179324,2
Rawl23,2,NA,1411,PI374120,NA
Rawl23,2,NA,1412,PI451763,NA
Rawl23,2,NA,1413,W627758,NA
Rawl23,2,NA,1414,PI508090,NA
Rawl23,2,NA,1415,Maxim,NA
Rawl23,2,NA,1416,PI357225,NA
Rawl23,2,NA,1417,PI299164,NA
Rawl23,2,NA,1418,PI339310,NA
Rawl23,2,NA,1419,PI329169,NA
Rawl23,2,8,1420,PI431923,2
Rawl23,2,8,1422,PI169534,2
Rawl23,2,8,1423,PI420924,3
Rawl23,2,8,1424,Maxim,2
Rawl23,2,NA,1426,PI374121,NA
Rawl23,2,7,1427,PI432271,2
Rawl23,2,7,1428,PI431679,2
Rawl23,2,7,1429,PI472224,2
Rawl23,2,7,1430,Maxim,3
Rawl23,2,7,1432,PI299237,3
Rawl23,2,9,1433,PI431663,2
Rawl23,2,9,1434,PI431710,2
Rawl23,2,9,1435,PI311107,3
Rawl23,2,9,1436,PI429838,3
Rawl23,2,9,1437,PI300250,4
Rawl23,2,9,1438,PI320954,2
Rawl23,2,10,1440,PI518732,3
Rawl23,2,10,1443,PI431987,3
Rawl23,2,10,1444,PI368651,2
Rawl23,2,10,1445,PI472122,2
Rawl23,2,NA,1447,PI426778,NA
Rawl23,2,NA,1448,PI175754,NA
Rawl23,2,NA,1449,W627760,NA
Rawl23,2,NA,1450,PI431656,NA
Rawl23,2,NA,1451,PI298357,NA
Rawl23,2,NA,1452,PI320935,NA
Rawl23,2,NA,1454,PI426784,NA
Rawl23,2,10,1456,PI431810,3
Rawl23,2,10,1457,Maxim,4
Rawl23,2,10,1459,PI431731,3
Rawl23,2,10,1460,W627767,3
Rawl23,2,10,1461,PI432005,3
Rawl23,2,NA,1462,Maxim,NA
Rawl23,2,9,1463,PI163589,4
Rawl23,2,9,1464,PI472632,4
Rawl23,2,9,1465,PI472458,3
Rawl23,2,9,1466,PI472372,3
Rawl23,2,9,1467,PI432002,2
Rawl23,2,9,1468,PI472588,3
Rawl23,2,9,1469,PI490288,2
Rawl23,2,9,1471,PI297772,3
Rawl23,2,9,1473,Maxim,3
Rawl23,2,9,1474,PI370481,3
Rawl23,2,NA,1475,PI472143,NA
Rawl23,2,10,1478,PI472136,3
Rawl23,2,10,1479,PI472400,3
Rawl23,2,10,1480,PI298644,2
Rawl23,2,NA,1482,W627780,NA
Rawl23,2,NA,1483,PI299163,NA
Rawl23,2,NA,1484,Maxim,NA
Rawl23,2,NA,1485,PI358602,NA
Rawl23,2,NA,1486,PI490289,NA
Rawl23,2,NA,1487,PI297787,NA
Rawl23,2,NA,1488,Maxim,NA
Rawl23,2,NA,1489,W627766,NA
Rawl23,2,NA,1490,PI472559,NA
Rawl23,2,NA,1491,PI472194,NA
Rawl23,2,10,1492,PI432145,2
Rawl23,2,10,1493,PI431622,4
Rawl23,2,10,1495,PI217949,2
Rawl23,2,10,1496,PI468902,3
Rawl23,2,10,1497,PI312175,3
Rawl23,2,NA,1498,PI290716,NA
Rawl23,2,9,1499,PI339289,4
Rawl23,2,9,1500,PI320937,2
Rawl23,2,9,1501,PI435954,3
Rawl23,2,9,1504,PI289070,3
Rawl23,2,9,1505,Maxim,3
Rawl23,2,9,1507,PI429369,3
Rawl23,2,9,1509,PI431756,2
Rawl23,2,9,1510,Maxim,2
Rawl23,2,NA,1511,PI283604,NA
Rawl23,2,10,1512,PI431630,3
Rawl23,2,10,1513,PI471917,3
Rawl23,2,10,1516,PI432237,3
Rawl23,2,10,1517,PI299207,3
Rawl23,2,NA,1518,PI289079,NA
Rawl23,2,NA,1519,PI486128,NA
Rawl23,2,NA,1522,PI273664,NA
Rawl23,2,NA,1523,PI472629,NA
Rawl23,2,NA,1524,PI297285,NA
Rawl23,2,10,1531,PI432106,4
Rawl23,2,10,1532,PI207492,2
Rawl23,2,10,1533,PI431636,3
Rawl23,2,9,1535,PI431675,3
Rawl23,2,9,1537,PI329157,3
Rawl23,2,9,1538,PI431728,3
Rawl23,2,9,1540,PI432184,3
Rawl23,2,11,1542,PI320936,3
Rawl23,2,11,1543,W627782,4
Rawl23,2,NA,1547,PI339285,NA
Rawl23,2,12,1548,PI472562,3
Rawl23,2,12,1550,PI374116,2
Rawl23,2,12,1551,PI431640,3
Rawl23,2,12,1552,PI432147,3
Rawl23,2,NA,1554,PI472615,NA
Rawl23,2,NA,1555,Maxim,NA
Rawl23,2,NA,1557,PI193547,NA
Rawl23,2,NA,1559,PI193548,NA
Rawl23,2,NA,1560,PI299351,NA
Rawl23,2,NA,1561,PI431768,NA
Rawl23,2,NA,1562,PI345627,NA
Rawl23,2,NA,1563,PI431642,NA
Rawl23,2,12,1564,PI343026,2
Rawl23,2,12,1565,PI432001,4
Rawl23,2,12,1566,W627762,3
Rawl23,2,12,1567,PI426803,4
Rawl23,2,12,1568,PI533691,2
Rawl23,2,12,1569,PI431824,3
Rawl23,2,NA,1570,PI472564,NA
Rawl23,2,11,1572,PI472549,3
Rawl23,2,11,1573,PI431809,2
Rawl23,2,11,1574,PI432185,2
Rawl23,2,11,1575,PI178940,3
Rawl23,2,11,1576,PI432033,2
Rawl23,2,11,1577,PI472200,4
Rawl23,2,11,1580,PI420925,4
Rawl23,2,11,1581,W627754,3
Rawl23,2,11,1582,PI298122,3
Rawl23,2,12,1584,PI533688,4
Rawl23,2,12,1585,W627759,3
Rawl23,2,12,1586,PI320945,4
Rawl23,2,12,1587,PI468900,3
Rawl23,2,12,1588,PI472274,4
Rawl23,2,NA,1590,PI251784,NA
Rawl23,2,NA,1591,PI329167,NA
Rawl23,2,NA,1592,PI182217,NA
Rawl23,2,NA,1594,PI431643,NA
Rawl23,2,NA,1595,PI477921,NA
Rawl23,2,NA,1596,PI432190,NA
Rawl23,2,NA,1597,PI298923,NA
Rawl23,2,NA,1598,PI472484,NA
Rawl23,2,NA,1599,PI297287,NA
Rawl23,2,12,1600,PI432071,4
Rawl23,2,12,1601,PI298023,3
Rawl23,2,12,1602,Maxim,3
Rawl23,2,12,1603,PI431717,3
Rawl23,2,12,1604,W627763,5
Rawl23,2,12,1605,PI432028,3
Rawl23,2,NA,1606,PI518734,NA
Rawl23,2,11,1607,PI431884,2
Rawl23,2,11,1609,PI297767,4
Rawl23,2,11,1611,PI298631,4
Rawl23,2,11,1612,Maxim,3
Rawl23,2,11,1615,PI432245,3
Rawl23,2,11,1616,PI432236,3
Rawl23,2,11,1617,PI518733,3
Rawl23,2,11,1618,PI181886,4
Rawl23,2,NA,1619,Maxim,NA
Rawl23,2,12,1621,PI308614,4
Rawl23,2,12,1622,PI298922,3
Rawl23,2,12,1623,PI299215,3
Rawl23,2,12,1624,Maxim,3
Rawl23,2,12,1625,W627781,3
Rawl23,2,NA,1626,PI472569,NA
Rawl23,2,NA,1627,PI432286,NA
Rawl23,2,NA,1629,PI431863,NA
Rawl23,2,NA,1632,PI451766,NA
Rawl23,2,NA,1633,PI472161,NA
Rawl23,2,NA,1634,Maxim,NA
Rawl23,2,NA,1635,Maxim,NA
Rawl23,2,12,1636,PI458503,2
Rawl23,2,12,1638,PI432201,2
Rawl23,2,12,1639,PI472383,3
Rawl23,2,12,1640,PI431633,3
Rawl23,2,12,1641,PI431631,4
Rawl23,2,NA,1642,PI212100,NA
Rawl23,2,11,1644,PI431666,2
Rawl23,2,11,1645,PI472416,4
Rawl23,2,11,1647,PI472175,3
Rawl24,1,1,2002,Maxim,2
Rawl24,1,1,2003,PI299177,2
Rawl24,1,1,2004,PI472327,4
Rawl24,1,1,2005,Maxim,3
Rawl24,1,1,2007,ILL2231,4
Rawl24,1,1,2008,PI472416,2
Rawl24,1,1,2009,PI289073,2
Rawl24,1,1,2010,PI431824,3
Rawl24,1,1,2012,PI320945,3
Rawl24,1,1,2013,PI432145,3
Rawl24,1,1,2014,PI181771,3
Rawl24,1,1,2015,PI472588,3
Rawl24,1,1,2016,PI472629,4
Rawl24,1,1,2018,PI299164,3
Rawl24,1,1,2020,PI432002,3
Rawl24,1,2,2021,PI289077,5
Rawl24,1,2,2022,PI339289,5
Rawl24,1,2,2023,PI289079,2
Rawl24,1,2,2024,Maxim,3
Rawl24,1,2,2025,ILL918,3
Rawl24,1,2,2026,PI432085,2
Rawl24,1,2,2027,ILL6493,5
Rawl24,1,2,2028,PI175754,4
Rawl24,1,2,2029,Maxim,3
Rawl24,1,2,2030,PI426778,3
Rawl24,1,2,2031,PI432190,3
Rawl24,1,2,2032,PI451766,3
Rawl24,1,2,2033,ILL6644,3
Rawl24,1,2,2034,PI319367,4
Rawl24,1,2,2038,Maxim,3
Rawl24,1,2,2040,PI490288,2
Rawl24,1,3,2044,Maxim,3
Rawl24,1,3,2046,PI251248,4
Rawl24,1,3,2047,Maxim,3
Rawl24,1,3,2049,ILL6925,4
Rawl24,1,3,2050,Maxim,2
Rawl24,1,3,2051,PI432124,3
Rawl24,1,3,2052,ILL2406,5
Rawl24,1,3,2053,PI289070,3
Rawl24,1,3,2054,ILL7070,4
Rawl24,1,3,2055,ILL5424,3
Rawl24,1,3,2056,ILL7437,4
Rawl24,1,3,2057,PI217949,4
Rawl24,1,3,2058,PI472383,5
Rawl24,1,3,2059,Maxim,4
Rawl24,1,3,2060,PI429838,3
Rawl24,1,4,2061,Maxim,3
Rawl24,1,4,2062,PI432188,3
Rawl24,1,4,2063,PI508090,3
Rawl24,1,4,2064,PI431728,2
Rawl24,1,4,2065,PI486127,3
Rawl24,1,4,2067,PI320935,3
Rawl24,1,4,2070,PI432286,2
Rawl24,1,4,2072,PI431631,5
Rawl24,1,4,2074,PI212100,3
Rawl24,1,4,2075,PI431717,3
Rawl24,1,4,2077,PI299237,3
Rawl24,1,4,2078,PI477921,4
Rawl24,1,5,2081,PI339292,3
Rawl24,1,5,2082,Maxim,3
Rawl24,1,5,2083,PI431884,3
Rawl24,1,5,2084,ILL4875,3
Rawl24,1,5,2087,ILL1671,3
Rawl24,1,5,2088,PI472484,2
Rawl24,1,5,2089,PI320944,3
Rawl24,1,5,2093,ILL3517,3
Rawl24,1,5,2095,ILL890,2
Rawl24,1,5,2096,PI420929,3
Rawl24,1,5,2097,PI297787,3
Rawl24,1,5,2098,PI207492,3
Rawl24,1,5,2099,ILL4606,3
Rawl24,1,5,2100,PI339310,3
Rawl24,1,6,2101,PI299207,5
Rawl24,1,6,2102,PI290716,4
Rawl24,1,6,2103,W627767,4
Rawl24,1,6,2104,PI297287,4
Rawl24,1,6,2105,PI472372,5
Rawl24,1,6,2107,PI518732,4
Rawl24,1,6,2108,ILL858,3
Rawl24,1,6,2109,ILL1649,4
Rawl24,1,6,2113,ILL4899,4
Rawl24,1,6,2114,PI244046,4
Rawl24,1,6,2115,W627765,5
Rawl24,1,6,2116,Maxim,3
Rawl24,1,6,2117,ILL5639,3
Rawl24,1,6,2118,W627766,4
Rawl24,1,7,2121,PI472161,5
Rawl24,1,7,2123,ILL1097,3
Rawl24,1,7,2124,ILL7774,4
Rawl24,1,7,2125,PI432033,3
Rawl24,1,7,2127,PI298357,4
Rawl24,1,7,2129,PI432106,4
Rawl24,1,7,2130,Maxim,3
Rawl24,1,7,2132,PI431633,4
Rawl24,1,7,2133,PI320954,2
Rawl24,1,7,2134,Maxim,3
Rawl24,1,7,2135,ILL4409,3
Rawl24,1,7,2136,PI298023,3
Rawl24,1,7,2138,PI431613,3
Rawl24,1,7,2139,ILL4164,3
Rawl24,1,7,2140,ILL2181,3
Rawl24,1,8,2141,ILL4831,4
Rawl24,1,8,2142,Maxim,3
Rawl24,1,8,2143,W627760,4
Rawl24,1,8,2144,PI431618,4
Rawl24,1,8,2145,ILL6149,3
Rawl24,1,8,2146,ILL5151,3
Rawl24,1,8,2149,PI320953,4
Rawl24,1,8,2150,PI431756,4
Rawl24,1,8,2151,PI343025,4
Rawl24,1,8,2153,PI472562,4
Rawl24,1,8,2154,ILL5533,3
Rawl24,1,8,2156,ILL7789,3
Rawl24,1,8,2157,PI472400,5
Rawl24,1,8,2159,PI518733,3
Rawl24,1,8,2160,ILL7745,4
Rawl24,1,9,2162,PI468899,3
Rawl24,1,9,2163,ILL3487,4
Rawl24,1,9,2164,PI299354,3
Rawl24,1,9,2165,Maxim,3
Rawl24,1,9,2166,PI431656,3
Rawl24,1,9,2167,PI312175,4
Rawl24,1,9,2172,Maxim,3
Rawl24,1,9,2173,PI472137,4
Rawl24,1,9,2174,W627756,3
Rawl24,1,9,2175,ILL5645,3
Rawl24,1,9,2176,PI368651,3
Rawl24,1,9,2178,Maxim,4
Rawl24,1,9,2179,ILL5519,3
Rawl24,1,9,2180,PI486128,2
Rawl24,1,10,2181,PI177442,3
Rawl24,1,10,2182,PI329167,3
Rawl24,1,10,2183,Maxim,3
Rawl24,1,10,2184,ILL7650,4
Rawl24,1,10,2185,PI308614,3
Rawl24,1,10,2187,PI311107,3
Rawl24,1,10,2188,Maxim,3
Rawl24,1,10,2190,PI431666,2
Rawl24,1,10,2195,PI432185,4
Rawl24,1,10,2197,PI357226,3
Rawl24,1,10,2198,ILL5505,3
Rawl24,1,10,2199,Maxim,2
Rawl24,1,11,2202,PI299366,2
Rawl24,1,11,2204,Maxim,3
Rawl24,1,11,2205,PI345638,3
Rawl24,1,11,2206,PI297754,3
Rawl24,1,11,2207,Maxim,3
Rawl24,1,11,2208,PI299120,3
Rawl24,1,11,2209,ILL4782,4
Rawl24,1,11,2211,W627758,4
Rawl24,1,11,2212,ILL4774,3
Rawl24,1,11,2214,PI339285,3
Rawl24,1,11,2215,PI472564,4
Rawl24,1,11,2216,PI431710,3
Rawl24,1,11,2217,PI432201,4
Rawl24,1,11,2219,Maxim,3
Rawl24,1,11,2220,ILL1959,5
Rawl24,1,11,2221,PI472458,5
Rawl24,1,12,2222,ILL5553,3
Rawl24,1,12,2223,PI472143,3
Rawl24,1,12,2224,ILL7084,3
Rawl24,1,12,2225,PI432184,2
Rawl24,1,12,2226,ILL5416,3
Rawl24,1,12,2229,PI432071,3
Rawl24,1,12,2230,PI320936,3
Rawl24,1,12,2231,Maxim,3
Rawl24,1,12,2232,PI533693,3
Rawl24,1,12,2234,PI298122,3
Rawl24,1,12,2235,ILL2297,3
Rawl24,1,12,2236,PI299285,4
Rawl24,1,12,2237,Maxim,4
Rawl24,1,12,2238,Maxim,4
Rawl24,1,12,2239,PI280686,5
Rawl24,1,12,2240,Maxim,3
Rawl24,1,12,2241,PI472549,4
Rawl24,1,13,2243,ILL7090,4
Rawl24,1,13,2244,Maxim,3
Rawl24,1,13,2245,PI345627,4
Rawl24,1,13,2246,Maxim,3
Rawl24,1,13,2249,PI432147,4
Rawl24,1,13,2250,ILL5028,4
Rawl24,1,13,2251,ILL6350,3
Rawl24,1,13,2253,PI283604,4
Rawl24,1,13,2254,Maxim,3
Rawl24,1,13,2256,ILL956,3
Rawl24,1,13,2257,ILL4791,3
Rawl24,1,13,2259,Maxim,3
Rawl24,1,13,2260,PI320952,3
Rawl24,1,13,2261,PI182217,4
Rawl24,1,14,2262,PI431809,4
Rawl24,1,14,2263,PI251032,3
Rawl24,1,14,2264,Maxim,3
Rawl24,1,14,2265,W627759,3
Rawl24,1,14,2266,ILL4671,4
Rawl24,1,14,2269,PI431679,3
Rawl24,1,14,2270,PI533688,3
Rawl24,1,14,2271,PI297767,4
Rawl24,1,14,2272,PI297285,3
Rawl24,1,14,2274,ILL7108,4
Rawl24,1,14,2276,PI211602,3
Rawl24,1,14,2278,PI165586,4
Rawl24,1,14,2281,ILL4345,3
Rawl24,1,14,2282,Maxim,3
Rawl24,1,15,2285,ILL4781,2
Rawl24,1,15,2286,ILL4900,4
Rawl24,1,15,2288,PI472224,3
Rawl24,1,15,2289,PI472205,4
Rawl24,1,15,2290,PI300250,3
Rawl24,1,15,2293,PI420925,4
Rawl24,1,15,2294,Maxim,3
Rawl24,1,15,2295,ILL7727,4
Rawl24,1,15,2296,PI518734,2
Rawl24,1,15,2297,PI343026,3
Rawl24,1,15,2299,PI178971,3
Rawl24,1,15,2300,Maxim,3
Rawl24,1,15,2301,PI329158,2
Rawl24,1,15,2303,PI299215,3
Rawl24,1,15,2304,W627763,3
Rawl24,1,16,2306,Maxim,3
Rawl24,1,16,2307,PI472615,3
Rawl24,1,16,2309,PI472175,3
Rawl24,1,16,2310,PI298644,3
Rawl24,1,16,2311,PI298631,3
Rawl24,1,16,2314,PI472569,3
Rawl24,1,16,2315,Maxim,3
Rawl24,1,16,2316,PI431640,3
Rawl24,1,16,2317,PI229611,3
Rawl24,1,16,2318,Maxim,3
Rawl24,1,16,2319,Maxim,3
Rawl24,1,16,2320,PI370636,3
Rawl24,1,16,2321,ILL4915,3
Rawl24,1,16,2322,Maxim,3
Rawl24,1,16,2325,PI299116,3
Rawl24,1,17,2326,PI472136,4
Rawl24,1,17,2327,PI431630,3
Rawl24,1,17,2328,PI432236,3
Rawl24,1,17,2329,Maxim,3
Rawl24,1,17,2330,W627754,3
Rawl24,1,17,2331,ILL6528,3
Rawl24,1,17,2332,PI432001,3
Rawl24,1,17,2333,PI431684,3
Rawl24,1,17,2334,ILL4738,3
Rawl24,1,17,2336,Maxim,3
Rawl24,1,17,2337,PI193547,3
Rawl24,1,17,2339,PI298645,3
Rawl24,1,17,2340,PI299351,3
Rawl24,1,17,2341,ILL5261,4
Rawl24,1,17,2342,PI431643,3
Rawl24,1,17,2343,PI431863,4
Rawl24,1,17,2344,PI181886,3
Rawl24,1,18,2346,Maxim,3
Rawl24,1,18,2349,PI178940,3
Rawl24,1,18,2351,PI289069,4
Rawl24,1,18,2353,Maxim,4
Rawl24,1,18,2354,PI179324,3
Rawl24,1,18,2355,PI374116,3
Rawl24,1,18,2356,W627780,4
Rawl24,1,18,2357,PI431810,5
Rawl24,1,18,2358,PI298922,2
Rawl24,1,18,2359,PI431663,3
Rawl24,1,18,2360,PI429369,5
Rawl24,1,18,2362,ILL6406,3
Rawl24,1,18,2364,PI472632,4
Rawl24,1,18,2365,PI339279,3
Rawl24,1,19,2366,W627782,4
Rawl24,1,19,2367,ILL5509,4
Rawl24,1,19,2369,PI472200,3
Rawl24,1,19,2372,ILL5956,4
Rawl24,1,19,2373,PI193548,4
Rawl24,1,19,2374,PI432087,4
Rawl24,1,19,2375,PI432237,4
Rawl24,1,19,2376,PI533691,3
Rawl24,1,19,2377,PI329157,2
Rawl24,1,19,2378,ILL1706,3
Rawl24,1,19,2379,PI250156,4
Rawl24,1,19,2380,Maxim,3
Rawl24,1,19,2382,ILL4956,4
Rawl24,1,19,2383,PI339283,3
Rawl24,1,19,2385,PI374121,3
Rawl24,1,20,2386,ILL840,3
Rawl24,1,20,2387,PI238758,4
Rawl24,1,20,2388,Maxim,3
Rawl24,1,20,2389,Maxim,3
Rawl24,1,20,2390,ILL5968,3
Rawl24,1,20,2391,PI320937,3
Rawl24,1,20,2393,PI163589,3
Rawl24,1,20,2394,ILL5384,3
Rawl24,1,20,2395,PI432271,3
Rawl24,1,20,2396,PI472122,4
Rawl24,1,20,2397,PI472488,4
Rawl24,1,20,2398,PI299371,4
Rawl24,1,20,2399,Maxim,3
Rawl24,1,20,2400,Maxim,3
Rawl24,1,20,2402,ILL1890,3
Rawl24,1,20,2403,ILL4830,3
Rawl24,1,20,2404,PI374120,3
Rawl24,1,20,2405,PI431731,2
Rawl24,1,21,2406,PI329169,3
Rawl24,1,21,2407,W627762,3.5
Rawl24,1,21,2408,PI357225,3
Rawl24,1,21,2409,PI358602,3
Rawl24,1,21,2410,ILL4778,3
Rawl24,1,21,2411,Maxim,3
Rawl24,1,21,2412,Maxim,3
Rawl24,1,21,2414,PI251784,3
Rawl24,1,21,2415,PI368647,3
Rawl24,1,21,2417,PI426803,4
Rawl24,1,21,2418,PI468900,3
Rawl24,1,21,2421,ILL5626,3
Rawl24,1,21,2423,PI431987,3
Rawl24,1,21,2424,PI343023,4
Rawl24,1,21,2425,PI298923,4
Rawl24,1,21,2426,PI320941,3
Rawl24,1,22,2427,PI426202,4
Rawl24,1,22,2428,PI178939,3
Rawl24,1,22,2429,PI420924,3
Rawl24,1,22,2430,PI297772,3
Rawl24,1,22,2432,ILL705,3
Rawl24,1,22,2433,Maxim,3
Rawl24,1,22,2434,ILL4804,3
Rawl24,1,22,2436,PI533690,3
Rawl24,1,22,2437,PI299163,3
Rawl24,1,22,2438,PI432212,3
Rawl24,1,22,2439,PI273664,3
Rawl24,1,22,2441,PI468902,3
Rawl24,1,22,2442,PI432005,4
Rawl24,1,22,2443,Maxim,4
Rawl24,1,22,2444,PI472194,4
Rawl24,1,23,2447,ILL4471,3
Rawl24,1,23,2449,W627781,3
Rawl24,1,23,2450,PI472559,3
Rawl24,1,23,2452,PI472561,4
Rawl24,1,23,2454,ILL7495,4
Rawl24,1,23,2455,PI250158,4
Rawl24,1,23,2459,PI431636,4
Rawl24,1,23,2461,PI431768,4
Rawl24,1,23,2462,ILL82,3
Rawl24,1,23,2463,PI490289,3
Rawl24,1,23,2464,ILL719,3
Rawl24,1,23,2466,PI431675,3
Rawl24,1,24,2468,PI379368,3
Rawl24,1,24,2469,PI370481,2
Rawl24,1,24,2473,ILL71,4
Rawl24,1,24,2475,PI458503,3
Rawl24,1,24,2476,PI471917,3
Rawl24,1,24,2477,PI431622,3
Rawl24,1,24,2479,Maxim,3
Rawl24,1,24,2480,ILL1861,3
Rawl24,1,24,2483,PI297284,3
Rawl24,1,24,2484,PI432028,3
Rawl24,1,24,2485,ILL5595,4
Rawl24,1,24,2486,Maxim,3
Rawl24,1,25,2487,PI426784,4
Rawl24,1,25,2489,ILL5653,4
Rawl24,1,25,2490,PI431642,2
Rawl24,1,25,2491,PI169534,3
Rawl24,1,25,2492,PI472274,3
Rawl24,1,25,2493,PI451763,3
Rawl24,1,25,2494,Maxim,3
Rawl24,1,25,2495,PI379372,3
Rawl24,1,25,2496,PI435954,4
Rawl24,1,25,2497,PI432245,3
Rawl24,1,25,2498,PI431923,3
Rawl24,2,26,2501,ILL5639,3
Rawl24,2,26,2503,PI472161,5
Rawl24,2,26,2505,PI431663,3
Rawl24,2,26,2506,PI472549,3
Rawl24,2,26,2511,ILL4738,3
Rawl24,2,26,2512,PI181771,3
Rawl24,2,26,2515,PI182217,3
Rawl24,2,26,2516,Maxim,3
Rawl24,2,26,2517,Maxim,2
Rawl24,2,26,2519,PI431884,4
Rawl24,2,27,2521,PI472400,4
Rawl24,2,27,2522,ILL7650,4
Rawl24,2,27,2523,ILL4778,4
Rawl24,2,27,2524,PI471917,4
Rawl24,2,27,2525,Maxim,3
Rawl24,2,27,2526,PI432184,2
Rawl24,2,27,2527,PI431630,5
Rawl24,2,27,2528,PI179324,3
Rawl24,2,27,2529,PI472564,4
Rawl24,2,27,2530,ILL7495,4
Rawl24,2,27,2531,PI320954,2
Rawl24,2,27,2532,Maxim,3
Rawl24,2,27,2533,ILL5626,3
Rawl24,2,27,2534,PI299207,3
Rawl24,2,27,2536,ILL4781,2
Rawl24,2,27,2538,W627759,2
Rawl24,2,27,2539,Maxim,3
Rawl24,2,28,2541,PI169534,3
Rawl24,2,28,2542,PI472559,4
Rawl24,2,28,2543,PI339283,4
Rawl24,2,28,2545,PI312175,4
Rawl24,2,28,2547,PI297287,4
Rawl24,2,28,2548,PI490288,3
Rawl24,2,28,2549,PI432071,4
Rawl24,2,28,2550,PI299116,3
Rawl24,2,28,2552,ILL4606,3
Rawl24,2,28,2553,PI432188,4
Rawl24,2,28,2554,PI299163,3
Rawl24,2,28,2555,PI299366,3
Rawl24,2,28,2558,PI431643,3
Rawl24,2,28,2559,PI518734,3
Rawl24,2,29,2561,PI339289,4
Rawl24,2,29,2563,PI518733,4
Rawl24,2,29,2564,ILL7437,4
Rawl24,2,29,2567,Maxim,4
Rawl24,2,29,2569,ILL4671,3
Rawl24,2,29,2572,PI431636,3
Rawl24,2,29,2574,PI299215,3
Rawl24,2,29,2575,PI472458,4
Rawl24,2,29,2576,ILL1706,4
Rawl24,2,29,2579,PI431631,3
Rawl24,2,29,2580,PI368647,2
Rawl24,2,30,2581,PI297754,3
Rawl24,2,30,2582,PI472327,4
Rawl24,2,30,2584,PI298923,4
Rawl24,2,30,2585,ILL890,3
Rawl24,2,30,2586,Maxim,3
Rawl24,2,30,2587,PI300250,3
Rawl24,2,30,2588,PI329167,4
Rawl24,2,30,2589,W627782,4
Rawl24,2,30,2591,ILL5028,3
Rawl24,2,30,2592,Maxim,3
Rawl24,2,30,2593,PI432106,3
Rawl24,2,30,2594,PI299351,3
Rawl24,2,30,2595,PI431768,4
Rawl24,2,30,2597,ILL6644,4
Rawl24,2,30,2598,W627767,3
Rawl24,2,30,2599,Maxim,3
Rawl24,2,30,2600,PI297284,3
Rawl24,2,31,2601,PI298645,3
Rawl24,2,31,2602,PI432005,3
Rawl24,2,31,2603,PI177442,3
Rawl24,2,31,2604,Maxim,3
Rawl24,2,31,2605,PI533691,3
Rawl24,2,31,2606,PI431710,3
Rawl24,2,31,2607,Maxim,3
Rawl24,2,31,2608,PI432028,3
Rawl24,2,31,2609,ILL1890,3
Rawl24,2,31,2611,PI297767,3
Rawl24,2,31,2612,PI431613,3
Rawl24,2,31,2613,PI468899,3
Rawl24,2,31,2614,PI432145,3
Rawl24,2,31,2615,ILL5261,3
Rawl24,2,31,2616,Maxim,3
Rawl24,2,31,2617,PI297787,3
Rawl24,2,31,2619,PI290716,3
Rawl24,2,31,2620,PI283604,2
Rawl24,2,32,2621,Maxim,3
Rawl24,2,32,2623,PI426784,4
Rawl24,2,32,2624,ILL3517,4
Rawl24,2,32,2626,ILL7084,3
Rawl24,2,32,2627,PI299237,3
Rawl24,2,32,2628,Maxim,3
Rawl24,2,32,2630,ILL918,3
Rawl24,2,32,2631,ILL5968,4
Rawl24,2,32,2633,PI426202,3
Rawl24,2,32,2636,ILL7090,3
Rawl24,2,32,2638,PI165586,3
Rawl24,2,32,2640,ILL4471,3
Rawl24,2,33,2641,PI320953,3
Rawl24,2,33,2642,ILL82,3
Rawl24,2,33,2643,PI379372,3.5
Rawl24,2,33,2645,PI178939,3
Rawl24,2,33,2646,PI299120,4
Rawl24,2,33,2648,PI178940,3
Rawl24,2,33,2650,PI211602,4
Rawl24,2,33,2651,PI329157,3
Rawl24,2,33,2652,PI244046,3
Rawl24,2,33,2655,PI345627,3
Rawl24,2,33,2656,ILL7727,4
Rawl24,2,33,2657,ILL4956,4
Rawl24,2,33,2658,PI472383,4
Rawl24,2,33,2659,ILL2297,3
Rawl24,2,34,2661,PI343025,4
Rawl24,2,34,2662,PI432201,4
Rawl24,2,34,2663,PI289079,4
Rawl24,2,34,2664,ILL5424,3
Rawl24,2,34,2666,ILL3487,3
Rawl24,2,34,2667,PI343026,4
Rawl24,2,34,2668,PI298644,3
Rawl24,2,34,2669,ILL5595,4
Rawl24,2,34,2670,PI432212,3
Rawl24,2,34,2671,PI477921,3
Rawl24,2,34,2673,Maxim,3
Rawl24,2,34,2674,Maxim,3
Rawl24,2,34,2676,Maxim,3
Rawl24,2,34,2678,PI432185,4
Rawl24,2,34,2679,ILL5384,3
Rawl24,2,34,2680,ILL4164,3
Rawl24,2,35,2681,ILL4900,3
Rawl24,2,35,2682,PI320935,4
Rawl24,2,35,2683,Maxim,3
Rawl24,2,35,2684,PI486128,2
Rawl24,2,35,2685,Maxim,3
Rawl24,2,35,2686,ILL6528,4
Rawl24,2,35,2688,PI320937,3
Rawl24,2,35,2689,PI379368,4
Rawl24,2,35,2690,Maxim,4
Rawl24,2,35,2691,W627758,3
Rawl24,2,35,2692,Maxim,3
Rawl24,2,35,2694,ILL4804,3
Rawl24,2,35,2696,PI472632,3
Rawl24,2,35,2697,PI299164,3
Rawl24,2,35,2698,W627781,3
Rawl24,2,35,2699,W627763,3
Rawl24,2,35,2700,PI175754,3
Rawl24,2,36,2701,ILL4831,3
Rawl24,2,36,2703,PI297772,2
Rawl24,2,36,2704,PI431684,3
Rawl24,2,36,2705,Maxim,3
Rawl24,2,36,2707,PI298357,3
Rawl24,2,36,2708,ILL6406,3
Rawl24,2,36,2710,PI533693,3
Rawl24,2,36,2711,ILL4774,3
Rawl24,2,36,2712,PI212100,3
Rawl24,2,36,2714,PI289073,3
Rawl24,2,36,2715,ILL7108,3
Rawl24,2,36,2717,PI431923,3
Rawl24,2,36,2718,ILL4830,3
Rawl24,2,36,2720,ILL7070,3
Rawl24,2,37,2722,PI370636,3
Rawl24,2,37,2723,PI280686,4
Rawl24,2,37,2727,PI472224,3
Rawl24,2,37,2729,PI308614,3
Rawl24,2,37,2730,PI320944,3
Rawl24,2,37,2731,ILL6925,3
Rawl24,2,37,2732,PI374120,3
Rawl24,2,37,2734,ILL2181,3
Rawl24,2,37,2735,PI472588,2
Rawl24,2,37,2736,ILL719,2
Rawl24,2,37,2737,PI432236,3
Rawl24,2,37,2738,W627780,3
Rawl24,2,37,2739,Maxim,3
Rawl24,2,37,2740,PI238758,3
Rawl24,2,38,2741,PI432085,2
Rawl24,2,38,2743,PI472194,3
Rawl24,2,38,2744,PI431618,3
Rawl24,2,38,2745,PI358602,3
Rawl24,2,38,2746,Maxim,3
Rawl24,2,38,2747,ILL4782,4
Rawl24,2,38,2748,ILL7774,4
Rawl24,2,38,2750,Maxim,3
Rawl24,2,38,2751,PI472615,4
Rawl24,2,38,2752,PI431810,3
Rawl24,2,38,2753,PI431675,3
Rawl24,2,38,2755,PI431656,3
Rawl24,2,38,2756,PI472629,3
Rawl24,2,38,2757,PI193547,1
Rawl24,2,38,2758,PI432237,3
Rawl24,2,38,2759,PI431728,3
Rawl24,2,38,2760,PI420924,3
Rawl24,2,39,2761,PI451763,3
Rawl24,2,39,2762,PI458503,3
Rawl24,2,39,2764,Maxim,3
Rawl24,2,39,2766,W627762,3.5
Rawl24,2,39,2767,ILL7789,3
Rawl24,2,39,2769,Maxim,3
Rawl24,2,39,2770,PI251032,3
Rawl24,2,39,2772,PI431987,4
Rawl24,2,39,2773,Maxim,3
Rawl24,2,39,2774,PI181886,3
Rawl24,2,39,2775,PI420929,4
Rawl24,2,39,2776,PI374121,3
Rawl24,2,39,2777,Maxim,3
Rawl24,2,39,2778,PI432147,3
Rawl24,2,39,2780,PI299285,3
Rawl24,2,40,2781,PI178971,3
Rawl24,2,40,2782,PI432271,2
Rawl24,2,40,2783,PI339279,3
Rawl24,2,40,2784,ILL4875,4
Rawl24,2,40,2785,PI431640,4
Rawl24,2,40,2786,PI429838,4
Rawl24,2,40,2787,ILL6149,3
Rawl24,2,40,2788,PI432001,3
Rawl24,2,40,2789,ILL1649,3
Rawl24,2,40,2790,PI431622,3
Rawl24,2,40,2791,PI472416,3
Rawl24,2,40,2792,PI431863,3
Rawl24,2,40,2794,Maxim,3
Rawl24,2,40,2795,PI357225,3
Rawl24,2,40,2797,PI435954,4
Rawl24,2,40,2798,PI472137,4
Rawl24,2,40,2799,PI311107,3
Rawl24,2,41,2807,PI432087,3
Rawl24,2,41,2810,PI289077,4
Rawl24,2,41,2813,PI298631,3
Rawl24,2,41,2815,PI320936,3
Rawl24,2,41,2816,ILL5519,2
Rawl24,2,41,2817,ILL1671,3
Rawl24,2,41,2818,Maxim,3
Rawl24,2,41,2819,PI289070,2
Rawl24,2,42,2822,ILL1861,3
Rawl24,2,42,2824,PI472200,3
Rawl24,2,42,2825,ILL1959,4
Rawl24,2,42,2826,ILL4915,3
Rawl24,2,42,2830,PI217949,3
Rawl24,2,42,2834,PI298122,2
Rawl24,2,42,2835,PI207492,3
Rawl24,2,42,2836,PI518732,2
Rawl24,2,42,2837,Maxim,3
Rawl24,2,42,2840,PI329169,4
Rawl24,2,43,2841,PI472143,3
Rawl24,2,43,2842,PI431679,3
Rawl24,2,43,2843,PI345638,3
Rawl24,2,43,2844,ILL5956,3
Rawl24,2,43,2845,ILL5645,3
Rawl24,2,43,2847,PI468900,3
Rawl24,2,43,2848,Maxim,3
Rawl24,2,43,2849,W627765,4
Rawl24,2,43,2850,ILL1097,3
Rawl24,2,43,2851,Maxim,3
Rawl24,2,43,2852,PI468902,3
Rawl24,2,43,2853,PI472136,3
Rawl24,2,43,2854,Maxim,3
Rawl24,2,43,2855,ILL5653,3
Rawl24,2,43,2856,ILL5505,3
Rawl24,2,43,2857,Maxim,3
Rawl24,2,43,2858,PI472122,4
Rawl24,2,43,2859,ILL2406,4
Rawl24,2,44,2861,PI472372,3
Rawl24,2,44,2863,PI229611,3
Rawl24,2,44,2865,Maxim,3
Rawl24,2,44,2867,PI299354,3
Rawl24,2,44,2868,ILL4791,3
Rawl24,2,44,2870,PI432190,3
Rawl24,2,44,2871,PI299371,3
Rawl24,2,44,2872,PI431666,3
Rawl24,2,44,2873,ILL5151,4
Rawl24,2,44,2874,PI299177,3
Rawl24,2,44,2875,PI533688,2.5
Rawl24,2,44,2876,Maxim,3
Rawl24,2,44,2878,PI343023,4
Rawl24,2,45,2882,PI426778,3
Rawl24,2,45,2883,Maxim,3
Rawl24,2,45,2885,PI472175,3
Rawl24,2,45,2886,PI472562,4
Rawl24,2,45,2887,PI472488,4
Rawl24,2,45,2888,ILL858,3
Rawl24,2,45,2889,PI431809,4
Rawl24,2,45,2890,ILL5509,4
Rawl24,2,45,2891,PI251784,3
Rawl24,2,45,2892,Maxim,3
Rawl24,2,45,2893,PI273664,3
Rawl24,2,45,2894,Maxim,3
Rawl24,2,45,2895,ILL4409,3
Rawl24,2,45,2896,ILL2231,4
Rawl24,2,45,2897,PI339310,4
Rawl24,2,45,2899,PI374116,3
Rawl24,2,46,2901,PI533690,3
Rawl24,2,46,2902,PI329158,2
Rawl24,2,46,2903,PI426803,3
Rawl24,2,46,2904,PI432124,3
Rawl24,2,46,2905,Maxim,3
Rawl24,2,46,2907,Maxim,3
Rawl24,2,46,2908,W627760,4
Rawl24,2,46,2909,ILL5416,3
Rawl24,2,46,2910,PI420925,4
Rawl24,2,46,2912,PI193548,3
Rawl24,2,46,2913,ILL4899,3
Rawl24,2,46,2915,PI339292,3
Rawl24,2,46,2916,PI431717,3
Rawl24,2,46,2917,Maxim,3
Rawl24,2,46,2918,PI370481,3
Rawl24,2,46,2919,PI368651,3
Rawl24,2,47,2921,PI490289,3
Rawl24,2,47,2922,ILL5553,4
Rawl24,2,47,2923,W627756,4
Rawl24,2,47,2924,PI339285,3
Rawl24,2,47,2925,ILL6350,3
Rawl24,2,47,2926,ILL5533,3
Rawl24,2,47,2927,W627766,3
Rawl24,2,47,2928,PI472484,3
Rawl24,2,47,2929,PI431633,4
Rawl24,2,47,2930,Maxim,3
Rawl24,2,47,2933,PI432002,3
Rawl24,2,47,2934,PI472561,3
Rawl24,2,47,2935,PI451766,3
Rawl24,2,47,2936,ILL4345,3
Rawl24,2,47,2937,PI250156,3
Rawl24,2,47,2938,PI486127,3
Rawl24,2,47,2939,PI431642,2
Rawl24,2,47,2940,PI289069,3
Rawl24,2,48,2942,PI472569,3
Rawl24,2,48,2943,PI472205,4
Rawl24,2,48,2944,Maxim,3
Rawl24,2,48,2946,PI320941,3
Rawl24,2,48,2947,Maxim,3
Rawl24,2,48,2948,Maxim,3
Rawl24,2,48,2950,PI429369,4
Rawl24,2,48,2953,Maxim,3
Rawl24,2,48,2955,Maxim,3
Rawl24,2,48,2956,Maxim,3
Rawl24,2,48,2957,PI508090,3
Rawl24,2,48,2958,PI298023,3
Rawl24,2,48,2960,Maxim,3
Rawl24,2,49,2961,ILL6493,4
Rawl24,2,49,2963,PI250158,4
Rawl24,2,49,2964,PI472274,3
Rawl24,2,49,2965,PI298922,3
Rawl24,2,49,2967,ILL71,3
Rawl24,2,49,2970,ILL7745,4
Rawl24,2,49,2971,PI251248,3
Rawl24,2,49,2972,PI320945,4
Rawl24,2,49,2973,PI163589,4
Rawl24,2,49,2975,Maxim,3
Rawl24,2,49,2976,ILL956,3
Rawl24,2,49,2978,Maxim,3
Rawl24,2,50,2981,ILL705,3
Rawl24,2,50,2982,ILL840,3
Rawl24,2,50,2984,PI431731,3
Rawl24,2,50,2985,Maxim,3
Rawl24,2,50,2986,PI432286,3
Rawl24,2,50,2988,PI297285,3
Rawl24,2,50,2990,PI432033,3
Rawl24,2,50,2991,Maxim,3
Rawl24,2,50,2992,PI431824,3
Rawl24,2,50,2993,PI319367,3
Rawl24,2,50,2994,PI320952,3
Rawl24,2,50,2995,PI431756,3
Rawl24,2,50,2997,PI432245,3
Rawl24,2,50,2998,W627754,3
Rawl24,2,50,2999,PI357226,3
Rawl24,2,50,3000,Maxim,3
